"Date","Price","Open","High","Low","Vol.","Change %"
"2022-11-04","1.3478","1.3746","1.3751","1.3469","96.18K","-1.94%"
"2022-11-03","1.3745","1.3712","1.3809","1.3681","91.36K","0.26%"
"2022-11-02","1.3710","1.3632","1.3715","1.3548","89.70K","0.59%"
"2022-11-01","1.3629","1.3625","1.3669","1.3529","89.70K","0.05%"
"2022-10-31","1.3622","1.3615","1.3686","1.3600","83.19K","0.16%"
"2022-10-28","1.3600","1.3565","1.3635","1.3524","99.24K","0.27%"
"2022-10-27","1.3563","1.3553","1.3628","1.3494","110.72K","0.09%"
"2022-10-26","1.3551","1.3608","1.3652","1.3507","111.63K","-0.40%"
"2022-10-25","1.3606","1.3705","1.3749","1.3600","103.47K","-0.72%"
"2022-10-24","1.3704","1.3649","1.3776","1.3606","121.95K","0.48%"
"2022-10-21","1.3638","1.3766","1.3856","1.3628","96.30K","-0.91%"
"2022-10-20","1.3763","1.3767","1.3808","1.3650","111.30K","-0.01%"
"2022-10-19","1.3764","1.3741","1.3811","1.3718","104.11K","0.19%"
"2022-10-18","1.3738","1.3714","1.3811","1.3657","108.85K","0.21%"
"2022-10-17","1.3709","1.3877","1.3881","1.3699","100.08K","-1.23%"
"2022-10-14","1.3880","1.3752","1.3899","1.3704","120.23K","0.95%"
"2022-10-13","1.3750","1.3814","1.3979","1.3707","106.52K","-0.46%"
"2022-10-12","1.3814","1.3798","1.3831","1.3760","117.05K","0.13%"
"2022-10-11","1.3796","1.3777","1.3857","1.3714","119.73K","0.15%"
"2022-10-10","1.3775","1.3735","1.3783","1.3702","102.00K","0.28%"
"2022-10-07","1.3737","1.3749","1.3762","1.3674","98.80K","-0.07%"
"2022-10-06","1.3747","1.3617","1.3757","1.3563","104.38K","0.98%"
"2022-10-05","1.3614","1.3513","1.3697","1.3503","100.42K","0.76%"
"2022-10-04","1.3511","1.3624","1.3665","1.3503","100.69K","-0.81%"
"2022-10-03","1.3622","1.3816","1.3828","1.3620","102.75K","-1.48%"
"2022-09-30","1.3826","1.3679","1.3840","1.3657","114.62K","1.09%"
"2022-09-29","1.3677","1.3607","1.3757","1.3605","115.62K","0.53%"
"2022-09-28","1.3605","1.3726","1.3834","1.3602","119.27K","-0.85%"
"2022-09-27","1.3721","1.3739","1.3777","1.3639","108.74K","-0.08%"
"2022-09-26","1.3732","1.3591","1.3810","1.3558","114.96K","1.05%"
"2022-09-23","1.3589","1.3487","1.3613","1.3467","92.34K","0.76%"
"2022-09-22","1.3487","1.3460","1.3546","1.3408","99.70K","0.17%"
"2022-09-21","1.3464","1.3363","1.3469","1.3357","84.35K","0.76%"
"2022-09-20","1.3362","1.3251","1.3376","1.3226","71.10K","0.86%"
"2022-09-19","1.3248","1.3269","1.3345","1.3244","72.17K","-0.09%"
"2022-09-16","1.3260","1.3228","1.3309","1.3226","78.99K","0.25%"
"2022-09-15","1.3227","1.3167","1.3242","1.3153","78.08K","0.49%"
"2022-09-14","1.3163","1.3169","1.3207","1.3139","84.59K","-0.03%"
"2022-09-13","1.3167","1.2993","1.3176","1.2953","73.13K","1.35%"
"2022-09-12","1.2991","1.3024","1.3058","1.2962","66.84K","-0.27%"
"2022-09-09","1.3026","1.3093","1.3099","1.2981","77.56K","-0.50%"
"2022-09-08","1.3091","1.3127","1.3161","1.3076","84.39K","-0.26%"
"2022-09-07","1.3125","1.3155","1.3210","1.3110","90.91K","-0.21%"
"2022-09-06","1.3152","1.3142","1.3171","1.3096","84.89K","0.08%"
"2022-09-05","1.3141","1.3128","1.3175","1.3123","62.57K","0.07%"
"2022-09-02","1.3132","1.3155","1.3171","1.3074","80.10K","-0.15%"
"2022-09-01","1.3152","1.3133","1.3209","1.3125","86.41K","0.19%"
"2022-08-31","1.3127","1.3093","1.3142","1.3062","87.40K","0.27%"
"2022-08-30","1.3092","1.3012","1.3110","1.2971","80.64K","0.62%"
"2022-08-29","1.3011","1.3030","1.3077","1.2989","72.18K","-0.17%"
"2022-08-26","1.3033","1.2924","1.3045","1.2903","69.10K","0.84%"
"2022-08-25","1.2924","1.2967","1.2977","1.2895","71.12K","-0.32%"
"2022-08-24","1.2965","1.2953","1.3019","1.2953","71.91K","0.10%"
"2022-08-23","1.2952","1.3057","1.3065","1.2932","70.32K","-0.80%"
"2022-08-22","1.3057","1.2997","1.3062","1.2970","66.21K","0.49%"
"2022-08-19","1.2993","1.2951","1.3010","1.2943","67.32K","0.36%"
"2022-08-18","1.2947","1.2911","1.2968","1.2880","73.30K","0.29%"
"2022-08-17","1.2909","1.2846","1.2938","1.2826","76.70K","0.51%"
"2022-08-16","1.2844","1.2907","1.2930","1.2830","67.62K","-0.46%"
"2022-08-15","1.2904","1.2770","1.2936","1.2769","62.60K","1.03%"
"2022-08-12","1.2773","1.2769","1.2804","1.2738","65.19K","0.09%"
"2022-08-11","1.2761","1.2773","1.2793","1.2727","71.50K","-0.09%"
"2022-08-10","1.2773","1.2888","1.2897","1.2750","66.57K","-0.89%"
"2022-08-09","1.2888","1.2859","1.2902","1.2843","65.71K","0.26%"
"2022-08-08","1.2854","1.2932","1.2952","1.2838","67.72K","-0.59%"
"2022-08-05","1.2930","1.2865","1.2986","1.2861","72.27K","0.51%"
"2022-08-04","1.2864","1.2845","1.2878","1.2817","74.13K","0.20%"
"2022-08-03","1.2838","1.2883","1.2893","1.2831","79.36K","-0.33%"
"2022-08-02","1.2880","1.2845","1.2888","1.2832","88.42K","0.27%"
"2022-08-01","1.2845","1.2815","1.2858","1.2766","74.96K","0.41%"
"2022-07-29","1.2793","1.2807","1.2856","1.2788","79.24K","-0.09%"
"2022-07-28","1.2804","1.2825","1.2871","1.2794","80.93K","-0.13%"
"2022-07-27","1.2821","1.2888","1.2913","1.2808","77.40K","-0.49%"
"2022-07-26","1.2884","1.2849","1.2903","1.2815","75.04K","0.28%"
"2022-07-25","1.2848","1.2916","1.2947","1.2834","78.34K","-0.51%"
"2022-07-22","1.2914","1.2869","1.2929","1.2823","82.15K","0.37%"
"2022-07-21","1.2867","1.2882","1.2938","1.2859","85.47K","-0.13%"
"2022-07-20","1.2884","1.2871","1.2908","1.2853","83.18K","0.12%"
"2022-07-19","1.2869","1.2981","1.2991","1.2867","84.33K","-0.84%"
"2022-07-18","1.2978","1.3024","1.3030","1.2897","82.66K","-0.40%"
"2022-07-15","1.3030","1.3120","1.3137","1.3012","85.71K","-0.66%"
"2022-07-14","1.3117","1.2974","1.3225","1.2967","101.69K","1.13%"
"2022-07-13","1.2971","1.3023","1.3062","1.2936","94.33K","-0.38%"
"2022-07-12","1.3021","1.3009","1.3052","1.2983","89.76K","0.12%"
"2022-07-11","1.3005","1.2950","1.3053","1.2941","83.98K","0.44%"
"2022-07-08","1.2948","1.2965","1.3036","1.2936","89.09K","-0.12%"
"2022-07-07","1.2964","1.3038","1.3057","1.2962","84.84K","-0.55%"
"2022-07-06","1.3036","1.3039","1.3080","1.3011","99.30K","0.00%"
"2022-07-05","1.3036","1.2861","1.3085","1.2843","93.75K","1.38%"
"2022-07-04","1.2859","1.2888","1.2904","1.2837","60.04K","-0.19%"
"2022-07-01","1.2883","1.2873","1.2968","1.2866","87.54K","0.09%"
"2022-06-30","1.2872","1.2894","1.2934","1.2860","90.90K","-0.15%"
"2022-06-29","1.2891","1.2874","1.2902","1.2843","82.90K","0.16%"
"2022-06-28","1.2871","1.2881","1.2896","1.2818","80.53K","-0.05%"
"2022-06-27","1.2878","1.2895","1.2917","1.2863","79.83K","-0.12%"
"2022-06-24","1.2893","1.2996","1.3007","1.2889","76.90K","-0.78%"
"2022-06-23","1.2994","1.2948","1.3019","1.2936","89.32K","0.38%"
"2022-06-22","1.2945","1.2920","1.2998","1.2911","84.15K","0.20%"
"2022-06-21","1.2919","1.2981","1.2988","1.2905","73.85K","-0.46%"
"2022-06-20","1.2979","1.3031","1.3040","1.2977","67.17K","-0.36%"
"2022-06-17","1.3026","1.2952","1.3080","1.2938","99.15K","0.59%"
"2022-06-16","1.2949","1.2890","1.2972","1.2860","101.39K","0.46%"
"2022-06-15","1.2890","1.2954","1.2996","1.2862","100.13K","-0.49%"
"2022-06-14","1.2954","1.2898","1.2976","1.2866","104.19K","0.44%"
"2022-06-13","1.2897","1.2783","1.2902","1.2773","97.10K","0.91%"
"2022-06-10","1.2781","1.2699","1.2814","1.2680","80.25K","0.67%"
"2022-06-09","1.2696","1.2565","1.2707","1.2548","73.75K","1.11%"
"2022-06-08","1.2557","1.2533","1.2567","1.2516","70.97K","0.23%"
"2022-06-07","1.2528","1.2580","1.2620","1.2522","73.19K","-0.37%"
"2022-06-06","1.2575","1.2591","1.2603","1.2534","61.32K","-0.14%"
"2022-06-03","1.2593","1.2570","1.2597","1.2550","59.94K","0.19%"
"2022-06-02","1.2569","1.2657","1.2688","1.2563","61.35K","-0.69%"
"2022-06-01","1.2656","1.2645","1.2678","1.2608","74.13K","0.09%"
"2022-05-31","1.2644","1.2656","1.2688","1.2628","77.32K","-0.09%"
"2022-05-30","1.2655","1.2732","1.2736","1.2650","48.79K","-0.53%"
"2022-05-27","1.2723","1.2774","1.2785","1.2717","65.36K","-0.38%"
"2022-05-26","1.2772","1.2815","1.2850","1.2767","75.26K","-0.34%"
"2022-05-25","1.2815","1.2818","1.2886","1.2802","84.79K","-0.02%"
"2022-05-24","1.2817","1.2766","1.2874","1.2765","83.86K","0.42%"
"2022-05-23","1.2764","1.2844","1.2849","1.2766","78.00K","-0.56%"
"2022-05-20","1.2836","1.2827","1.2869","1.2775","89.05K","0.09%"
"2022-05-19","1.2825","1.2890","1.2895","1.2782","98.55K","-0.49%"
"2022-05-18","1.2888","1.2812","1.2897","1.2794","77.04K","0.62%"
"2022-05-17","1.2809","1.2844","1.2859","1.2806","75.66K","-0.26%"
"2022-05-16","1.2843","1.2925","1.2983","1.2835","84.27K","-0.50%"
"2022-05-13","1.2908","1.3046","1.3051","1.2895","79.51K","-1.04%"
"2022-05-12","1.3044","1.2992","1.3078","1.2976","102.24K","0.39%"
"2022-05-11","1.2993","1.3026","1.3040","1.2921","88.97K","-0.23%"
"2022-05-10","1.3023","1.3010","1.3053","1.2961","97.35K","0.12%"
"2022-05-09","1.3007","1.2907","1.3017","1.2893","89.13K","0.79%"
"2022-05-06","1.2905","1.2835","1.2914","1.2813","94.58K","0.57%"
"2022-05-05","1.2832","1.2747","1.2869","1.2711","115.28K","0.79%"
"2022-05-04","1.2731","1.2844","1.2855","1.2728","76.83K","-0.86%"
"2022-05-03","1.2841","1.2883","1.2895","1.2824","73.98K","-0.29%"
"2022-05-02","1.2878","1.2840","1.2915","1.2839","69.22K","0.17%"
"2022-04-29","1.2856","1.2808","1.2863","1.2718","78.86K","0.40%"
"2022-04-28","1.2805","1.2816","1.2880","1.2791","78.50K","-0.11%"
"2022-04-27","1.2819","1.2822","1.2855","1.2777","81.32K","-0.05%"
"2022-04-26","1.2825","1.2731","1.2829","1.2683","73.88K","0.72%"
"2022-04-25","1.2733","1.2707","1.2779","1.2705","81.78K","0.18%"
"2022-04-22","1.2710","1.2579","1.2728","1.2566","75.36K","1.05%"
"2022-04-21","1.2578","1.2495","1.2592","1.2457","73.06K","0.64%"
"2022-04-20","1.2498","1.2615","1.2625","1.2471","70.59K","-0.94%"
"2022-04-19","1.2616","1.2614","1.2648","1.2567","64.03K","0.01%"
"2022-04-18","1.2615","1.2613","1.2645","1.2602","57.62K","0.03%"
"2022-04-15","1.2611","1.2601","1.2623","1.2591","75.13K","0.10%"
"2022-04-14","1.2598","1.2569","1.2644","1.2521","62.78K","0.25%"
"2022-04-13","1.2566","1.2642","1.2678","1.2554","62.13K","-0.61%"
"2022-04-12","1.2643","1.2629","1.2663","1.2581","60.60K","0.10%"
"2022-04-11","1.2631","1.2571","1.2642","1.2565","58.65K","0.50%"
"2022-04-08","1.2568","1.2587","1.2621","1.2564","55.65K","-0.17%"
"2022-04-07","1.2589","1.2543","1.2613","1.2536","62.19K","0.37%"
"2022-04-06","1.2542","1.2488","1.2559","1.2478","62.53K","0.46%"
"2022-04-05","1.2485","1.2483","1.2500","1.2402","54.57K","-0.01%"
"2022-04-04","1.2486","1.2520","1.2530","1.2467","47.19K","-0.26%"
"2022-04-01","1.2518","1.2502","1.2541","1.2479","57.17K","0.15%"
"2022-03-31","1.2499","1.2480","1.2535","1.2464","63.21K","0.15%"
"2022-03-30","1.2480","1.2503","1.2510","1.2428","62.22K","-0.18%"
"2022-03-29","1.2502","1.2518","1.2531","1.2469","66.28K","-0.14%"
"2022-03-28","1.2519","1.2479","1.2594","1.2472","62.68K","0.37%"
"2022-03-25","1.2473","1.2527","1.2555","1.2464","58.59K","-0.42%"
"2022-03-24","1.2526","1.2561","1.2587","1.2508","58.98K","-0.26%"
"2022-03-23","1.2559","1.2570","1.2607","1.2542","55.89K","-0.07%"
"2022-03-22","1.2568","1.2593","1.2624","1.2566","62.51K","-0.19%"
"2022-03-21","1.2592","1.2604","1.2625","1.2564","61.79K","-0.08%"
"2022-03-18","1.2602","1.2627","1.2648","1.2588","64.52K","-0.18%"
"2022-03-17","1.2625","1.2677","1.2700","1.2612","72.31K","-0.40%"
"2022-03-16","1.2676","1.2767","1.2780","1.2674","82.38K","-0.68%"
"2022-03-15","1.2763","1.2824","1.2873","1.2760","73.94K","-0.46%"
"2022-03-14","1.2822","1.2744","1.2828","1.2723","78.20K","0.62%"
"2022-03-11","1.2743","1.2764","1.2795","1.2693","79.22K","-0.19%"
"2022-03-10","1.2767","1.2811","1.2843","1.2750","76.04K","-0.29%"
"2022-03-09","1.2804","1.2882","1.2895","1.2802","82.95K","-0.59%"
"2022-03-08","1.2880","1.2821","1.2902","1.2795","100.07K","0.48%"
"2022-03-07","1.2818","1.2732","1.2823","1.2685","102.22K","0.69%"
"2022-03-04","1.2730","1.2681","1.2794","1.2668","93.27K","0.39%"
"2022-03-03","1.2680","1.2631","1.2694","1.2586","78.17K","0.41%"
"2022-03-02","1.2628","1.2740","1.2746","1.2627","82.50K","-0.88%"
"2022-03-01","1.2740","1.2679","1.2751","1.2652","78.79K","0.51%"
"2022-02-28","1.2675","1.2764","1.2811","1.2659","94.48K","-0.24%"
"2022-02-25","1.2705","1.2816","1.2822","1.2694","89.69K","-0.82%"
"2022-02-24","1.2810","1.2734","1.2879","1.2728","121.99K","0.62%"
"2022-02-23","1.2731","1.2771","1.2773","1.2681","74.24K","-0.30%"
"2022-02-22","1.2769","1.2750","1.2784","1.2717","84.44K","0.14%"
"2022-02-21","1.2751","1.2751","1.2763","1.2721","61.60K","0.02%"
"2022-02-18","1.2749","1.2704","1.2761","1.2673","74.46K","0.37%"
"2022-02-17","1.2702","1.2688","1.2736","1.2675","86.85K","0.17%"
"2022-02-16","1.2681","1.2720","1.2728","1.2664","69.96K","-0.27%"
"2022-02-15","1.2715","1.2729","1.2776","1.2701","71.00K","-0.10%"
"2022-02-14","1.2728","1.2744","1.2785","1.2719","88.18K","-0.06%"
"2022-02-11","1.2736","1.2719","1.2756","1.2668","90.83K","0.13%"
"2022-02-10","1.2719","1.2671","1.2730","1.2636","71.99K","0.39%"
"2022-02-09","1.2670","1.2712","1.2717","1.2664","52.88K","-0.32%"
"2022-02-08","1.2711","1.2668","1.2723","1.2663","66.36K","0.35%"
"2022-02-07","1.2667","1.2763","1.2763","1.2657","72.97K","-0.76%"
"2022-02-04","1.2764","1.2679","1.2789","1.2661","75.77K","0.69%"
"2022-02-03","1.2676","1.2670","1.2717","1.2657","74.53K","0.07%"
"2022-02-02","1.2667","1.2688","1.2707","1.2650","63.92K","-0.15%"
"2022-02-01","1.2686","1.2708","1.2728","1.2655","68.82K","-0.15%"
"2022-01-31","1.2705","1.2764","1.2779","1.2681","71.10K","-0.44%"
"2022-01-28","1.2761","1.2743","1.2798","1.2711","91.89K","0.16%"
"2022-01-27","1.2740","1.2670","1.2749","1.2649","102.80K","0.59%"
"2022-01-26","1.2665","1.2623","1.2690","1.2558","92.02K","0.30%"
"2022-01-25","1.2627","1.2636","1.2671","1.2596","96.60K","-0.06%"
"2022-01-24","1.2634","1.2583","1.2703","1.2553","89.84K","0.42%"
"2022-01-21","1.2581","1.2504","1.2589","1.2497","90.43K","0.63%"
"2022-01-20","1.2502","1.2514","1.2518","1.2452","74.57K","-0.09%"
"2022-01-19","1.2513","1.2514","1.2526","1.2450","77.02K","0.01%"
"2022-01-18","1.2512","1.2516","1.2565","1.2485","77.55K","-0.06%"
"2022-01-17","1.2519","1.2556","1.2558","1.2499","58.86K","-0.27%"
"2022-01-14","1.2553","1.2521","1.2572","1.2468","98.51K","0.26%"
"2022-01-13","1.2520","1.2509","1.2522","1.2451","94.38K","0.10%"
"2022-01-12","1.2507","1.2575","1.2581","1.2493","87.99K","-0.53%"
"2022-01-11","1.2574","1.2681","1.2684","1.2565","89.56K","-0.82%"
"2022-01-10","1.2678","1.2649","1.2699","1.2609","77.74K","0.27%"
"2022-01-07","1.2644","1.2733","1.2733","1.2631","60.66K","-0.68%"
"2022-01-06","1.2730","1.2757","1.2815","1.2706","68.56K","-0.17%"
"2022-01-05","1.2752","1.2707","1.2767","1.2691","56.64K","0.36%"
"2022-01-04","1.2706","1.2746","1.2767","1.2666","52.08K","-0.27%"
"2022-01-03","1.2741","1.2634","1.2780","1.2629","50.58K","0.85%"
"2021-12-31","1.2634","1.2741","1.2751","1.2621","62.80K","-0.83%"
"2021-12-30","1.2740","1.2796","1.2814","1.2734","45.27K","-0.38%"
"2021-12-29","1.2788","1.2820","1.2837","1.2787","45.89K","-0.27%"
"2021-12-28","1.2822","1.2787","1.2832","1.2780","41.17K","0.31%"
"2021-12-27","1.2783","1.2812","1.2849","1.2779","38.02K","-0.21%"
"2021-12-24","1.2810","1.2809","1.2836","1.2786","77.32K","0.01%"
"2021-12-23","1.2809","1.2836","1.2854","1.2797","50.29K","-0.19%"
"2021-12-22","1.2833","1.2917","1.2925","1.2832","58.46K","-0.60%"
"2021-12-21","1.2910","1.2940","1.2949","1.2911","66.76K","-0.24%"
"2021-12-20","1.2941","1.2893","1.2965","1.2882","83.29K","0.43%"
"2021-12-17","1.2886","1.2773","1.2903","1.2770","108.91K","0.91%"
"2021-12-16","1.2770","1.2835","1.2859","1.2761","106.67K","-0.47%"
"2021-12-15","1.2830","1.2861","1.2938","1.2828","95.38K","-0.24%"
"2021-12-14","1.2861","1.2805","1.2866","1.2795","87.24K","0.45%"
"2021-12-13","1.2804","1.2725","1.2823","1.2705","66.47K","0.66%"
"2021-12-10","1.2720","1.2714","1.2739","1.2679","61.31K","0.06%"
"2021-12-09","1.2713","1.2656","1.2723","1.2649","61.20K","0.49%"
"2021-12-08","1.2651","1.2639","1.2668","1.2607","68.49K","0.10%"
"2021-12-07","1.2638","1.2753","1.2768","1.2635","78.31K","-0.91%"
"2021-12-06","1.2754","1.2828","1.2844","1.2751","97.74K","-0.69%"
"2021-12-03","1.2842","1.2804","1.2855","1.2741","116.18K","0.27%"
"2021-12-02","1.2808","1.2817","1.2839","1.2776","118.91K","-0.07%"
"2021-12-01","1.2817","1.2778","1.2831","1.2711","119.38K","0.32%"
"2021-11-30","1.2776","1.2743","1.2838","1.2728","126.87K","0.30%"
"2021-11-29","1.2738","1.2793","1.2795","1.2718","106.03K","-0.38%"
"2021-11-26","1.2786","1.2648","1.2801","1.2645","122.23K","1.09%"
"2021-11-25","1.2648","1.2665","1.2679","1.2638","70.90K","-0.14%"
"2021-11-24","1.2666","1.2667","1.2711","1.2648","94.70K","0.02%"
"2021-11-23","1.2664","1.2702","1.2745","1.2658","97.59K","-0.27%"
"2021-11-22","1.2698","1.2634","1.2706","1.2625","93.06K","0.47%"
"2021-11-19","1.2638","1.2601","1.2664","1.2582","89.25K","0.30%"
"2021-11-18","1.2600","1.2611","1.2648","1.2590","83.83K","-0.04%"
"2021-11-17","1.2605","1.2559","1.2623","1.2538","86.92K","0.36%"
"2021-11-16","1.2560","1.2516","1.2569","1.2490","82.91K","0.39%"
"2021-11-15","1.2511","1.2550","1.2557","1.2499","72.27K","-0.25%"
"2021-11-12","1.2542","1.2579","1.2606","1.2539","77.33K","-0.28%"
"2021-11-11","1.2577","1.2492","1.2598","1.2474","94.45K","0.70%"
"2021-11-10","1.2489","1.2437","1.2505","1.2385","97.40K","0.43%"
"2021-11-09","1.2436","1.2443","1.2487","1.2426","85.79K","-0.04%"
"2021-11-08","1.2441","1.2462","1.2467","1.2433","77.26K","-0.10%"
"2021-11-05","1.2454","1.2457","1.2480","1.2433","88.33K","-0.01%"
"2021-11-04","1.2455","1.2391","1.2473","1.2375","84.08K","0.53%"
"2021-11-03","1.2389","1.2405","1.2458","1.2379","73.76K","-0.16%"
"2021-11-02","1.2409","1.2370","1.2426","1.2365","53.63K","0.34%"
"2021-11-01","1.2367","1.2394","1.2405","1.2350","57.45K","-0.16%"
"2021-10-29","1.2387","1.2346","1.2409","1.2328","65.21K","0.36%"
"2021-10-28","1.2342","1.2355","1.2384","1.2330","75.68K","-0.11%"
"2021-10-27","1.2356","1.2389","1.2433","1.2301","63.72K","-0.26%"
"2021-10-26","1.2388","1.2380","1.2398","1.2349","54.15K","0.06%"
"2021-10-25","1.2381","1.2369","1.2400","1.2337","57.48K","0.11%"
"2021-10-22","1.2367","1.2363","1.2391","1.2320","62.30K","0.02%"
"2021-10-21","1.2364","1.2322","1.2385","1.2288","56.90K","0.37%"
"2021-10-20","1.2319","1.2363","1.2370","1.2306","62.24K","-0.35%"
"2021-10-19","1.2362","1.2378","1.2384","1.2311","55.39K","-0.10%"
"2021-10-18","1.2374","1.2371","1.2411","1.2346","61.86K","0.06%"
"2021-10-15","1.2366","1.2370","1.2399","1.2335","54.72K","-0.01%"
"2021-10-14","1.2367","1.2443","1.2450","1.2354","49.90K","-0.59%"
"2021-10-13","1.2441","1.2465","1.2479","1.2430","57.30K","-0.19%"
"2021-10-12","1.2465","1.2483","1.2500","1.2432","85.52K","-0.14%"
"2021-10-11","1.2482","1.2476","1.2493","1.2445","67.54K","0.10%"
"2021-10-08","1.2469","1.2549","1.2564","1.2449","86.23K","-0.61%"
"2021-10-07","1.2546","1.2588","1.2601","1.2538","80.73K","-0.33%"
"2021-10-06","1.2587","1.2582","1.2649","1.2574","98.94K","0.05%"
"2021-10-05","1.2581","1.2591","1.2631","1.2543","83.55K","-0.05%"
"2021-10-04","1.2587","1.2651","1.2656","1.2555","97.99K","-0.47%"
"2021-10-01","1.2647","1.2679","1.2739","1.2626","100.62K","-0.24%"
"2021-09-30","1.2678","1.2756","1.2764","1.2628","98.72K","-0.60%"
"2021-09-29","1.2754","1.2687","1.2775","1.2666","95.35K","0.54%"
"2021-09-28","1.2685","1.2628","1.2708","1.2591","96.02K","0.46%"
"2021-09-27","1.2627","1.2655","1.2674","1.2608","77.19K","-0.20%"
"2021-09-24","1.2652","1.2652","1.2731","1.2638","77.84K","-0.02%"
"2021-09-23","1.2655","1.2772","1.2797","1.2630","84.54K","-0.90%"
"2021-09-22","1.2770","1.2824","1.2833","1.2696","90.94K","-0.35%"
"2021-09-21","1.2815","1.2826","1.2850","1.2740","88.63K","-0.08%"
"2021-09-20","1.2825","1.2765","1.2896","1.2759","78.65K","0.46%"
"2021-09-17","1.2766","1.2680","1.2773","1.2636","64.69K","0.67%"
"2021-09-16","1.2681","1.2637","1.2700","1.2614","74.33K","0.38%"
"2021-09-15","1.2633","1.2694","1.2709","1.2622","76.55K","-0.47%"
"2021-09-14","1.2693","1.2651","1.2700","1.2598","77.10K","0.33%"
"2021-09-13","1.2651","1.2686","1.2696","1.2635","59.60K","-0.30%"
"2021-09-10","1.2689","1.2664","1.2695","1.2580","72.12K","0.21%"
"2021-09-09","1.2662","1.2690","1.2729","1.2620","83.32K","-0.21%"
"2021-09-08","1.2689","1.2645","1.2763","1.2624","81.47K","0.33%"
"2021-09-07","1.2647","1.2536","1.2657","1.2517","68.93K","0.88%"
"2021-09-06","1.2537","1.2526","1.2560","1.2515","39.98K","0.09%"
"2021-09-03","1.2526","1.2553","1.2563","1.2491","67.52K","-0.20%"
"2021-09-02","1.2551","1.2620","1.2639","1.2546","62.37K","-0.52%"
"2021-09-01","1.2616","1.2622","1.2638","1.2578","66.29K","0.02%"
"2021-08-31","1.2614","1.2606","1.2655","1.2567","71.54K","0.10%"
"2021-08-30","1.2601","1.2622","1.2636","1.2571","58.33K","-0.20%"
"2021-08-27","1.2626","1.2688","1.2709","1.2603","67.38K","-0.44%"
"2021-08-26","1.2682","1.2592","1.2697","1.2584","68.08K","0.74%"
"2021-08-25","1.2589","1.2587","1.2644","1.2584","65.83K","0.00%"
"2021-08-24","1.2589","1.2649","1.2662","1.2576","61.89K","-0.44%"
"2021-08-23","1.2645","1.2821","1.2842","1.2640","73.05K","-1.37%"
"2021-08-20","1.2821","1.2825","1.2950","1.2812","84.52K","-0.04%"
"2021-08-19","1.2826","1.2656","1.2831","1.2646","92.27K","1.35%"
"2021-08-18","1.2655","1.2630","1.2664","1.2595","72.65K","0.20%"
"2021-08-17","1.2630","1.2573","1.2650","1.2565","70.14K","0.46%"
"2021-08-16","1.2572","1.2519","1.2586","1.2510","58.62K","0.47%"
"2021-08-13","1.2513","1.2527","1.2535","1.2499","53.80K","-0.10%"
"2021-08-12","1.2525","1.2506","1.2534","1.2498","56.12K","0.15%"
"2021-08-11","1.2506","1.2524","1.2550","1.2486","62.71K","-0.10%"
"2021-08-10","1.2519","1.2574","1.2591","1.2516","61.73K","-0.44%"
"2021-08-09","1.2574","1.2552","1.2588","1.2529","69.92K","0.18%"
"2021-08-06","1.2552","1.2509","1.2582","1.2491","63.17K","0.36%"
"2021-08-05","1.2507","1.2536","1.2549","1.2472","65.18K","-0.22%"
"2021-08-04","1.2534","1.2538","1.2564","1.2513","62.37K","-0.02%"
"2021-08-03","1.2536","1.2512","1.2577","1.2487","72.36K","0.22%"
"2021-08-02","1.2509","1.2479","1.2516","1.2450","62.36K","0.31%"
"2021-07-30","1.2470","1.2447","1.2492","1.2420","71.69K","0.21%"
"2021-07-29","1.2444","1.2530","1.2540","1.2430","70.09K","-0.66%"
"2021-07-28","1.2527","1.2602","1.2606","1.2513","84.25K","-0.58%"
"2021-07-27","1.2600","1.2550","1.2606","1.2536","75.16K","0.48%"
"2021-07-26","1.2540","1.2564","1.2592","1.2525","55.97K","-0.17%"
"2021-07-23","1.2561","1.2567","1.2608","1.2553","63.04K","-0.02%"
"2021-07-22","1.2564","1.2560","1.2595","1.2527","72.32K","0.10%"
"2021-07-21","1.2552","1.2681","1.2731","1.2523","77.88K","-0.99%"
"2021-07-20","1.2677","1.2750","1.2787","1.2671","86.27K","-0.56%"
"2021-07-19","1.2748","1.2610","1.2809","1.2605","91.95K","1.09%"
"2021-07-16","1.2611","1.2593","1.2622","1.2559","75.90K","0.15%"
"2021-07-15","1.2592","1.2508","1.2615","1.2499","80.10K","0.69%"
"2021-07-14","1.2506","1.2511","1.2527","1.2429","76.63K","-0.03%"
"2021-07-13","1.2510","1.2454","1.2541","1.2440","69.30K","0.47%"
"2021-07-12","1.2451","1.2442","1.2515","1.2442","69.27K","0.04%"
"2021-07-09","1.2446","1.2532","1.2558","1.2441","79.26K","-0.69%"
"2021-07-08","1.2532","1.2478","1.2592","1.2473","88.63K","0.44%"
"2021-07-07","1.2477","1.2463","1.2521","1.2420","77.62K","0.12%"
"2021-07-06","1.2462","1.2342","1.2495","1.2300","76.46K","1.01%"
"2021-07-05","1.2338","1.2320","1.2372","1.2309","61.22K","0.15%"
"2021-07-02","1.2319","1.2439","1.2451","1.2306","64.36K","-0.94%"
"2021-07-01","1.2436","1.2399","1.2447","1.2362","65.16K","0.34%"
"2021-06-30","1.2394","1.2402","1.2425","1.2353","69.16K","-0.06%"
"2021-06-29","1.2401","1.2337","1.2404","1.2329","64.14K","0.54%"
"2021-06-28","1.2335","1.2294","1.2349","1.2285","64.48K","0.33%"
"2021-06-25","1.2294","1.2326","1.2330","1.2269","62.38K","-0.23%"
"2021-06-24","1.2322","1.2310","1.2342","1.2280","66.85K","0.14%"
"2021-06-23","1.2305","1.2307","1.2329","1.2250","70.78K","0.00%"
"2021-06-22","1.2305","1.2363","1.2404","1.2300","74.14K","-0.44%"
"2021-06-21","1.2359","1.2465","1.2487","1.2351","73.48K","-0.83%"
"2021-06-18","1.2462","1.2360","1.2481","1.2336","83.66K","0.82%"
"2021-06-17","1.2361","1.2277","1.2379","1.2260","84.24K","0.69%"
"2021-06-16","1.2276","1.2183","1.2284","1.2154","70.69K","0.79%"
"2021-06-15","1.2180","1.2144","1.2205","1.2127","60.68K","0.32%"
"2021-06-14","1.2141","1.2149","1.2172","1.2126","56.50K","-0.12%"
"2021-06-11","1.2155","1.2093","1.2178","1.2078","54.62K","0.50%"
"2021-06-10","1.2094","1.2112","1.2126","1.2068","59.51K","-0.12%"
"2021-06-09","1.2109","1.2111","1.2119","1.2056","52.15K","-0.01%"
"2021-06-08","1.2110","1.2081","1.2119","1.2068","56.29K","0.26%"
"2021-06-07","1.2079","1.2075","1.2108","1.2054","45.43K","0.00%"
"2021-06-04","1.2079","1.2107","1.2134","1.2068","59.38K","-0.19%"
"2021-06-03","1.2102","1.2034","1.2120","1.2027","58.16K","0.58%"
"2021-06-02","1.2032","1.2071","1.2092","1.2027","58.50K","-0.31%"
"2021-06-01","1.2070","1.2064","1.2079","1.2004","59.22K","0.07%"
"2021-05-31","1.2062","1.2070","1.2092","1.2044","63.01K","-0.05%"
"2021-05-28","1.2068","1.2063","1.2121","1.2061","66.14K","0.03%"
"2021-05-27","1.2064","1.2120","1.2142","1.2054","71.30K","-0.44%"
"2021-05-26","1.2117","1.2070","1.2128","1.2041","73.83K","0.46%"
"2021-05-25","1.2062","1.2045","1.2079","1.2027","75.74K","0.19%"
"2021-05-24","1.2039","1.2061","1.2086","1.2038","64.65K","-0.22%"
"2021-05-21","1.2066","1.2061","1.2096","1.2025","77.63K","0.07%"
"2021-05-20","1.2058","1.2127","1.2146","1.2047","78.37K","-0.60%"
"2021-05-19","1.2131","1.2066","1.2143","1.2052","89.58K","0.56%"
"2021-05-18","1.2064","1.2068","1.2082","1.2011","67.67K","-0.02%"
"2021-05-17","1.2066","1.2098","1.2138","1.2058","72.89K","-0.30%"
"2021-05-14","1.2102","1.2159","1.2180","1.2078","76.14K","-0.48%"
"2021-05-13","1.2160","1.2133","1.2204","1.2102","97.46K","0.24%"
"2021-05-12","1.2131","1.2102","1.2139","1.2044","94.28K","0.26%"
"2021-05-11","1.2099","1.2097","1.2126","1.2077","85.37K","0.02%"
"2021-05-10","1.2097","1.2157","1.2157","1.2076","75.80K","-0.27%"
"2021-05-07","1.2130","1.2148","1.2194","1.2123","76.27K","-0.15%"
"2021-05-06","1.2148","1.2268","1.2290","1.2143","79.87K","-0.95%"
"2021-05-05","1.2264","1.2307","1.2316","1.2250","68.39K","-0.37%"
"2021-05-04","1.2309","1.2277","1.2352","1.2272","80.75K","0.27%"
"2021-05-03","1.2276","1.2289","1.2319","1.2264","58.24K","-0.11%"
"2021-04-30","1.2289","1.2282","1.2323","1.2264","76.95K","0.08%"
"2021-04-29","1.2279","1.2316","1.2326","1.2273","76.64K","-0.27%"
"2021-04-28","1.2312","1.2399","1.2419","1.2308","75.43K","-0.65%"
"2021-04-27","1.2393","1.2398","1.2420","1.2386","69.90K","-0.02%"
"2021-04-26","1.2395","1.2482","1.2492","1.2381","77.36K","-0.64%"
"2021-04-23","1.2475","1.2508","1.2510","1.2459","70.30K","-0.23%"
"2021-04-22","1.2504","1.2497","1.2536","1.2470","80.66K","0.06%"
"2021-04-21","1.2496","1.2609","1.2653","1.2457","78.55K","-0.88%"
"2021-04-20","1.2607","1.2533","1.2624","1.2476","80.42K","0.60%"
"2021-04-19","1.2532","1.2494","1.2545","1.2469","72.06K","0.22%"
"2021-04-16","1.2504","1.2542","1.2560","1.2492","69.86K","-0.30%"
"2021-04-15","1.2541","1.2521","1.2560","1.2474","76.31K","0.17%"
"2021-04-14","1.2520","1.2536","1.2577","1.2498","72.75K","-0.09%"
"2021-04-13","1.2531","1.2562","1.2630","1.2525","72.59K","-0.24%"
"2021-04-12","1.2561","1.2534","1.2575","1.2525","72.02K","0.27%"
"2021-04-09","1.2527","1.2563","1.2613","1.2523","76.00K","-0.28%"
"2021-04-08","1.2562","1.2607","1.2628","1.2556","73.39K","-0.36%"
"2021-04-07","1.2607","1.2566","1.2636","1.2562","81.01K","0.35%"
"2021-04-06","1.2563","1.2524","1.2584","1.2514","68.90K","0.34%"
"2021-04-05","1.2521","1.2576","1.2595","1.2499","58.93K","-0.41%"
"2021-04-02","1.2573","1.2547","1.2582","1.2525","43.25K","0.22%"
"2021-04-01","1.2545","1.2562","1.2603","1.2541","73.81K","-0.10%"
"2021-03-31","1.2558","1.2633","1.2636","1.2537","73.62K","-0.60%"
"2021-03-30","1.2634","1.2591","1.2648","1.2578","72.01K","0.37%"
"2021-03-29","1.2588","1.2574","1.2628","1.2569","59.13K","0.10%"
"2021-03-26","1.2576","1.2611","1.2614","1.2558","70.96K","-0.27%"
"2021-03-25","1.2610","1.2577","1.2630","1.2544","82.61K","0.28%"
"2021-03-24","1.2575","1.2585","1.2609","1.2540","75.99K","-0.08%"
"2021-03-23","1.2585","1.2519","1.2596","1.2514","78.77K","0.52%"
"2021-03-22","1.2520","1.2502","1.2543","1.2471","67.25K","0.18%"
"2021-03-19","1.2497","1.2488","1.2549","1.2459","85.40K","0.10%"
"2021-03-18","1.2484","1.2405","1.2528","1.2363","89.15K","0.68%"
"2021-03-17","1.2400","1.2448","1.2494","1.2399","72.73K","-0.35%"
"2021-03-16","1.2443","1.2471","1.2501","1.2433","72.55K","-0.20%"
"2021-03-15","1.2468","1.2471","1.2514","1.2441","61.54K","-0.02%"
"2021-03-12","1.2471","1.2532","1.2574","1.2459","81.09K","-0.44%"
"2021-03-11","1.2526","1.2617","1.2627","1.2518","80.50K","-0.72%"
"2021-03-10","1.2617","1.2637","1.2685","1.2607","91.59K","-0.13%"
"2021-03-09","1.2634","1.2663","1.2687","1.2588","100.31K","-0.21%"
"2021-03-08","1.2660","1.2662","1.2701","1.2620","111.22K","0.04%"
"2021-03-05","1.2655","1.2665","1.2738","1.2643","113.89K","-0.08%"
"2021-03-04","1.2665","1.2656","1.2694","1.2573","115.02K","0.09%"
"2021-03-03","1.2653","1.2633","1.2659","1.2590","95.97K","0.17%"
"2021-03-02","1.2631","1.2648","1.2700","1.2598","105.29K","-0.11%"
"2021-03-01","1.2645","1.2723","1.2740","1.2638","97.92K","-0.74%"
"2021-02-26","1.2739","1.2603","1.2751","1.2585","129.87K","1.11%"
"2021-02-25","1.2599","1.2512","1.2615","1.2466","107.50K","0.70%"
"2021-02-24","1.2511","1.2586","1.2599","1.2503","94.38K","-0.60%"
"2021-02-23","1.2587","1.2611","1.2648","1.2577","92.83K","-0.18%"
"2021-02-22","1.2610","1.2623","1.2655","1.2578","90.52K","0.00%"
"2021-02-19","1.2610","1.2679","1.2715","1.2592","86.94K","-0.53%"
"2021-02-18","1.2677","1.2704","1.2731","1.2663","84.95K","-0.17%"
"2021-02-17","1.2699","1.2689","1.2746","1.2683","89.02K","0.10%"
"2021-02-16","1.2686","1.2645","1.2703","1.2608","76.80K","0.38%"
"2021-02-15","1.2638","1.2694","1.2694","1.2628","50.29K","-0.44%"
"2021-02-12","1.2694","1.2702","1.2764","1.2674","69.17K","-0.06%"
"2021-02-11","1.2702","1.2699","1.2713","1.2658","77.21K","0.02%"
"2021-02-10","1.2699","1.2690","1.2714","1.2665","81.71K","0.05%"
"2021-02-09","1.2693","1.2739","1.2766","1.2690","81.17K","-0.35%"
"2021-02-08","1.2738","1.2767","1.2784","1.2733","77.14K","-0.10%"
"2021-02-05","1.2751","1.2828","1.2834","1.2749","79.24K","-0.58%"
"2021-02-04","1.2825","1.2785","1.2846","1.2775","75.87K","0.34%"
"2021-02-03","1.2781","1.2781","1.2813","1.2761","81.19K","0.01%"
"2021-02-02","1.2780","1.2851","1.2871","1.2778","92.21K","-0.54%"
"2021-02-01","1.2849","1.2777","1.2866","1.2759","106.03K","0.56%"
"2021-01-29","1.2777","1.2830","1.2876","1.2736","114.10K","-0.40%"
"2021-01-28","1.2828","1.2798","1.2882","1.2785","108.30K","0.23%"
"2021-01-27","1.2798","1.2694","1.2823","1.2683","97.06K","0.86%"
"2021-01-26","1.2689","1.2738","1.2783","1.2688","75.23K","-0.38%"
"2021-01-25","1.2738","1.2719","1.2780","1.2685","81.17K","0.02%"
"2021-01-22","1.2735","1.2637","1.2743","1.2631","78.86K","0.81%"
"2021-01-21","1.2633","1.2637","1.2649","1.2588","74.84K","0.03%"
"2021-01-20","1.2629","1.2737","1.2747","1.2604","74.67K","-0.80%"
"2021-01-19","1.2731","1.2759","1.2765","1.2712","70.05K","-0.18%"
"2021-01-18","1.2754","1.2734","1.2801","1.2724","80.57K","0.17%"
"2021-01-15","1.2732","1.2634","1.2765","1.2634","83.87K","0.77%"
"2021-01-14","1.2635","1.2699","1.2711","1.2623","78.76K","-0.46%"
"2021-01-13","1.2694","1.2708","1.2747","1.2678","76.93K","-0.11%"
"2021-01-12","1.2708","1.2782","1.2793","1.2706","84.37K","-0.59%"
"2021-01-11","1.2783","1.2691","1.2837","1.2690","86.25K","0.79%"
"2021-01-08","1.2683","1.2691","1.2744","1.2656","98.30K","-0.03%"
"2021-01-07","1.2687","1.2677","1.2735","1.2661","89.68K","0.10%"
"2021-01-06","1.2674","1.2666","1.2724","1.2628","116.16K","0.03%"
"2021-01-05","1.2670","1.2777","1.2793","1.2654","98.58K","-0.84%"
"2021-01-04","1.2777","1.2725","1.2799","1.2663","93.52K","0.39%"
"2021-01-01","1.2727","1.2734","1.2738","1.2723","","-0.02%"
"2020-12-31","1.2730","1.2760","1.2770","1.2712","72.72K","-0.22%"
"2020-12-30","1.2758","1.2818","1.2828","1.2747","68.51K","-0.46%"
"2020-12-29","1.2817","1.2850","1.2860","1.2777","72.79K","-0.22%"
"2020-12-28","1.2845","1.2867","1.2878","1.2812","69.10K","-0.19%"
"2020-12-25","1.2869","1.2875","1.2876","1.2852","1.39K","-0.03%"
"2020-12-24","1.2873","1.2845","1.2881","1.2811","68.81K","0.22%"
"2020-12-23","1.2845","1.2908","1.2916","1.2831","79.90K","-0.48%"
"2020-12-22","1.2907","1.2854","1.2935","1.2841","82.77K","0.41%"
"2020-12-21","1.2854","1.2782","1.2958","1.2781","85.26K","0.56%"
"2020-12-18","1.2783","1.2721","1.2800","1.2714","87.81K","0.50%"
"2020-12-17","1.2719","1.2748","1.2752","1.2686","67.94K","-0.18%"
"2020-12-16","1.2742","1.2703","1.2790","1.2694","70.88K","0.35%"
"2020-12-15","1.2697","1.2766","1.2773","1.2686","71.72K","-0.49%"
"2020-12-14","1.2760","1.2773","1.2791","1.2718","58.36K","-0.09%"
"2020-12-11","1.2772","1.2743","1.2793","1.2717","77.23K","0.27%"
"2020-12-10","1.2737","1.2817","1.2831","1.2704","82.02K","-0.60%"
"2020-12-09","1.2814","1.2818","1.2835","1.2767","79.12K","0.00%"
"2020-12-08","1.2814","1.2799","1.2827","1.2765","75.91K","0.14%"
"2020-12-07","1.2796","1.2780","1.2834","1.2774","80.31K","0.13%"
"2020-12-04","1.2780","1.2864","1.2875","1.2770","82.91K","-0.62%"
"2020-12-03","1.2860","1.2917","1.2943","1.2850","78.51K","-0.45%"
"2020-12-02","1.2918","1.2933","1.2960","1.2908","82.49K","-0.11%"
"2020-12-01","1.2932","1.3002","1.3008","1.2926","81.80K","-0.52%"
"2020-11-30","1.3000","1.2990","1.3011","1.2921","76.20K","0.08%"
"2020-11-27","1.2990","1.3015","1.3025","1.2970","73.24K","-0.18%"
"2020-11-26","1.3013","1.3006","1.3024","1.2988","73.65K","0.10%"
"2020-11-25","1.3000","1.2998","1.3031","1.2984","85.53K","0.05%"
"2020-11-24","1.2994","1.3079","1.3092","1.2992","92.67K","-0.63%"
"2020-11-23","1.3077","1.3091","1.3113","1.3045","70.92K","-0.15%"
"2020-11-20","1.3096","1.3072","1.3099","1.3037","78.85K","0.19%"
"2020-11-19","1.3071","1.3079","1.3125","1.3050","85.70K","-0.08%"
"2020-11-18","1.3081","1.3104","1.3118","1.3032","81.22K","-0.16%"
"2020-11-17","1.3102","1.3076","1.3118","1.3061","81.69K","0.23%"
"2020-11-16","1.3072","1.3138","1.3143","1.3063","71.43K","-0.45%"
"2020-11-13","1.3131","1.3142","1.3174","1.3114","80.60K","-0.06%"
"2020-11-12","1.3139","1.3060","1.3151","1.3054","88.12K","0.59%"
"2020-11-11","1.3062","1.3032","1.3079","1.3006","91.19K","0.25%"
"2020-11-10","1.3029","1.3009","1.3052","1.2983","112.02K","0.17%"
"2020-11-09","1.3007","1.3062","1.3070","1.2926","115.63K","-0.37%"
"2020-11-06","1.3055","1.3049","1.3098","1.3017","114.25K","0.06%"
"2020-11-05","1.3047","1.3140","1.3179","1.3026","119.32K","-0.70%"
"2020-11-04","1.3139","1.3130","1.3300","1.3093","141.90K","0.07%"
"2020-11-03","1.3130","1.3214","1.3235","1.3101","94.80K","-0.64%"
"2020-11-02","1.3215","1.3316","1.3371","1.3213","87.05K","-0.77%"
"2020-10-30","1.3317","1.3323","1.3349","1.3278","108.98K","-0.05%"
"2020-10-29","1.3323","1.3324","1.3391","1.3275","100.53K","0.03%"
"2020-10-28","1.3319","1.3186","1.3335","1.3177","99.33K","1.02%"
"2020-10-27","1.3184","1.3209","1.3213","1.3140","82.19K","-0.17%"
"2020-10-26","1.3207","1.3137","1.3226","1.3130","87.37K","0.66%"
"2020-10-23","1.3121","1.3133","1.3161","1.3107","77.10K","-0.09%"
"2020-10-22","1.3133","1.3143","1.3178","1.3121","88.31K","-0.09%"
"2020-10-21","1.3145","1.3130","1.3153","1.3079","86.95K","0.16%"
"2020-10-20","1.3124","1.3192","1.3205","1.3102","82.62K","-0.52%"
"2020-10-19","1.3192","1.3193","1.3196","1.3148","68.67K","0.04%"
"2020-10-16","1.3187","1.3219","1.3239","1.3175","83.01K","-0.24%"
"2020-10-15","1.3219","1.3144","1.3261","1.3141","95.20K","0.56%"
"2020-10-14","1.3145","1.3139","1.3164","1.3114","82.54K","0.06%"
"2020-10-13","1.3137","1.3116","1.3148","1.3097","84.35K","0.20%"
"2020-10-12","1.3111","1.3130","1.3145","1.3099","58.22K","-0.05%"
"2020-10-09","1.3118","1.3197","1.3204","1.3107","79.62K","-0.58%"
"2020-10-08","1.3194","1.3255","1.3271","1.3193","75.56K","-0.45%"
"2020-10-07","1.3253","1.3312","1.3342","1.3252","85.87K","-0.41%"
"2020-10-06","1.3307","1.3267","1.3318","1.3240","86.98K","0.32%"
"2020-10-05","1.3265","1.3302","1.3304","1.3253","81.29K","-0.32%"
"2020-10-02","1.3307","1.3289","1.3332","1.3275","112.07K","0.15%"
"2020-10-01","1.3287","1.3321","1.3329","1.3266","97.33K","-0.24%"
"2020-09-30","1.3319","1.3386","1.3421","1.3299","102.86K","-0.51%"
"2020-09-29","1.3387","1.3370","1.3420","1.3349","78.51K","0.11%"
"2020-09-28","1.3372","1.3386","1.3405","1.3351","80.11K","-0.09%"
"2020-09-25","1.3384","1.3361","1.3420","1.3336","96.25K","0.16%"
"2020-09-24","1.3362","1.3386","1.3419","1.3323","109.83K","-0.17%"
"2020-09-23","1.3385","1.3302","1.3387","1.3292","94.21K","0.63%"
"2020-09-22","1.3301","1.3308","1.3347","1.3281","96.85K","-0.04%"
"2020-09-21","1.3306","1.3192","1.3321","1.3171","92.42K","0.77%"
"2020-09-18","1.3204","1.3168","1.3210","1.3135","98.88K","0.30%"
"2020-09-17","1.3164","1.3179","1.3248","1.3147","107.32K","-0.09%"
"2020-09-16","1.3176","1.3186","1.3202","1.3125","93.37K","-0.04%"
"2020-09-15","1.3181","1.3174","1.3203","1.3132","79.05K","0.05%"
"2020-09-14","1.3174","1.3187","1.3198","1.3153","63.27K","0.00%"
"2020-09-11","1.3174","1.3192","1.3209","1.3149","90.99K","-0.12%"
"2020-09-10","1.3190","1.3147","1.3203","1.3116","103.96K","0.37%"
"2020-09-09","1.3141","1.3234","1.3261","1.3143","97.90K","-0.69%"
"2020-09-08","1.3232","1.3099","1.3240","1.3084","101.61K","1.04%"
"2020-09-07","1.3096","1.3054","1.3118","1.3050","59.71K","0.27%"
"2020-09-04","1.3061","1.3126","1.3142","1.3042","106.52K","-0.50%"
"2020-09-03","1.3126","1.3043","1.3163","1.3038","111.06K","0.64%"
"2020-09-02","1.3042","1.3064","1.3096","1.3035","96.06K","-0.15%"
"2020-09-01","1.3062","1.3042","1.3088","1.2992","101.73K","0.13%"
"2020-08-31","1.3045","1.3102","1.3105","1.3018","93.62K","-0.40%"
"2020-08-28","1.3097","1.3128","1.3133","1.3045","101.86K","-0.20%"
"2020-08-27","1.3123","1.3143","1.3168","1.3099","95.28K","-0.12%"
"2020-08-26","1.3139","1.3174","1.3206","1.3130","81.75K","-0.22%"
"2020-08-25","1.3168","1.3218","1.3240","1.3165","85.14K","-0.36%"
"2020-08-24","1.3216","1.3185","1.3239","1.3132","76.96K","0.31%"
"2020-08-21","1.3175","1.3186","1.3235","1.3157","91.91K","-0.05%"
"2020-08-20","1.3182","1.3215","1.3246","1.3166","86.99K","-0.23%"
"2020-08-19","1.3213","1.3166","1.3228","1.3133","77.38K","0.35%"
"2020-08-18","1.3167","1.3216","1.3233","1.3149","79.91K","-0.36%"
"2020-08-17","1.3214","1.3257","1.3264","1.3190","65.14K","-0.39%"
"2020-08-14","1.3266","1.3217","1.3272","1.3204","75.73K","0.35%"
"2020-08-13","1.3220","1.3244","1.3259","1.3190","82.95K","-0.18%"
"2020-08-12","1.3244","1.3302","1.3348","1.3227","85.63K","-0.42%"
"2020-08-11","1.3300","1.3350","1.3362","1.3268","87.37K","-0.37%"
"2020-08-10","1.3350","1.3378","1.3396","1.3331","70.61K","-0.25%"
"2020-08-07","1.3383","1.3305","1.3400","1.3282","94.31K","0.59%"
"2020-08-06","1.3304","1.3269","1.3324","1.3241","96.08K","0.30%"
"2020-08-05","1.3264","1.3320","1.3333","1.3231","90.95K","-0.40%"
"2020-08-04","1.3317","1.3391","1.3422","1.3315","87.20K","-0.54%"
"2020-08-03","1.3389","1.3401","1.3452","1.3378","83.25K","-0.18%"
"2020-07-31","1.3413","1.3421","1.3441","1.3369","103.83K","-0.07%"
"2020-07-30","1.3422","1.3343","1.3461","1.3332","101.48K","0.61%"
"2020-07-29","1.3340","1.3374","1.3389","1.3331","85.91K","-0.27%"
"2020-07-28","1.3376","1.3356","1.3408","1.3329","90.93K","0.16%"
"2020-07-27","1.3354","1.3429","1.3432","1.3351","89.43K","-0.44%"
"2020-07-24","1.3413","1.3411","1.3446","1.3375","98.44K","0.04%"
"2020-07-23","1.3408","1.3414","1.3428","1.3349","92.35K","-0.05%"
"2020-07-22","1.3415","1.3457","1.3484","1.3398","85.98K","-0.31%"
"2020-07-21","1.3457","1.3536","1.3539","1.3422","67.71K","-0.56%"
"2020-07-20","1.3533","1.3578","1.3601","1.3523","62.06K","-0.32%"
"2020-07-17","1.3576","1.3573","1.3590","1.3562","75.58K","0.04%"
"2020-07-16","1.3570","1.3513","1.3582","1.3500","88.88K","0.46%"
"2020-07-15","1.3508","1.3614","1.3619","1.3503","92.02K","-0.76%"
"2020-07-14","1.3612","1.3609","1.3648","1.3595","102.36K","0.03%"
"2020-07-13","1.3608","1.3593","1.3613","1.3534","75.74K","0.13%"
"2020-07-10","1.3591","1.3587","1.3633","1.3573","87.22K","0.05%"
"2020-07-09","1.3584","1.3513","1.3595","1.3489","95.85K","0.55%"
"2020-07-08","1.3510","1.3604","1.3625","1.3491","95.23K","-0.68%"
"2020-07-07","1.3602","1.3537","1.3611","1.3523","93.98K","0.49%"
"2020-07-06","1.3536","1.3550","1.3567","1.3518","79.80K","-0.07%"
"2020-07-03","1.3545","1.3568","1.3583","1.3543","68.60K","-0.13%"
"2020-07-02","1.3563","1.3584","1.3625","1.3558","85.82K","-0.16%"
"2020-07-01","1.3585","1.3576","1.3602","1.3543","85.92K","0.09%"
"2020-06-30","1.3573","1.3659","1.3701","1.3568","94.98K","-0.62%"
"2020-06-29","1.3657","1.3674","1.3706","1.3644","91.41K","-0.23%"
"2020-06-26","1.3688","1.3635","1.3716","1.3625","95.54K","0.38%"
"2020-06-25","1.3636","1.3640","1.3671","1.3605","105.84K","-0.01%"
"2020-06-24","1.3637","1.3547","1.3642","1.3525","108.55K","0.68%"
"2020-06-23","1.3545","1.3521","1.3571","1.3484","104.79K","0.18%"
"2020-06-22","1.3520","1.3600","1.3631","1.3516","84.79K","-0.61%"
"2020-06-19","1.3603","1.3598","1.3619","1.3545","103.53K","0.03%"
"2020-06-18","1.3599","1.3567","1.3617","1.3519","113.15K","0.27%"
"2020-06-17","1.3563","1.3538","1.3595","1.3510","111.84K","0.16%"
"2020-06-16","1.3542","1.3567","1.3624","1.3502","119.36K","-0.21%"
"2020-06-15","1.3570","1.3593","1.3687","1.3543","111.98K","-0.10%"
"2020-06-12","1.3583","1.3628","1.3668","1.3525","135.30K","-0.30%"
"2020-06-11","1.3624","1.3413","1.3634","1.3396","129.66K","1.59%"
"2020-06-10","1.3411","1.3417","1.3439","1.3313","103.15K","-0.02%"
"2020-06-09","1.3414","1.3386","1.3489","1.3357","103.34K","0.24%"
"2020-06-08","1.3382","1.3426","1.3438","1.3354","78.68K","-0.31%"
"2020-06-05","1.3424","1.3501","1.3514","1.3389","106.78K","-0.55%"
"2020-06-04","1.3498","1.3496","1.3542","1.3466","101.78K","0.04%"
"2020-06-03","1.3493","1.3517","1.3573","1.3478","105.16K","-0.17%"
"2020-06-02","1.3516","1.3569","1.3586","1.3481","100.87K","-0.41%"
"2020-06-01","1.3571","1.3782","1.3802","1.3556","90.05K","-1.44%"
"2020-05-29","1.3769","1.3761","1.3834","1.3712","117.76K","0.06%"
"2020-05-28","1.3761","1.3749","1.3792","1.3732","117.67K","0.08%"
"2020-05-27","1.3750","1.3776","1.3823","1.3725","115.89K","-0.20%"
"2020-05-26","1.3777","1.3985","1.3989","1.3755","97.45K","-1.48%"
"2020-05-25","1.3984","1.3998","1.4009","1.3966","64.28K","-0.07%"
"2020-05-22","1.3994","1.3953","1.4050","1.3939","100.61K","0.30%"
"2020-05-21","1.3952","1.3902","1.3972","1.3889","94.44K","0.37%"
"2020-05-20","1.3900","1.3941","1.3961","1.3866","94.79K","-0.29%"
"2020-05-19","1.3941","1.3937","1.3971","1.3864","103.37K","0.05%"
"2020-05-18","1.3934","1.4101","1.4118","1.3934","74.51K","-1.23%"
"2020-05-15","1.4108","1.4051","1.4118","1.4016","106.35K","0.43%"
"2020-05-14","1.4048","1.4102","1.4141","1.4029","100.29K","-0.36%"
"2020-05-13","1.4099","1.4077","1.4116","1.4004","114.35K","0.16%"
"2020-05-12","1.4077","1.4005","1.4080","1.3970","88.47K","0.51%"
"2020-05-11","1.4006","1.3937","1.4044","1.3900","87.77K","0.58%"
"2020-05-08","1.3925","1.3973","1.4001","1.3906","87.94K","-0.32%"
"2020-05-07","1.3970","1.4146","1.4174","1.3951","102.36K","-1.22%"
"2020-05-06","1.4143","1.4047","1.4159","1.4021","101.38K","0.70%"
"2020-05-05","1.4045","1.4084","1.4095","1.4005","95.77K","-0.27%"
"2020-05-04","1.4083","1.4073","1.4152","1.4049","92.33K","-0.01%"
"2020-05-01","1.4084","1.3946","1.4110","1.3929","101.03K","1.03%"
"2020-04-30","1.3941","1.3881","1.3959","1.3848","115.55K","0.46%"
"2020-04-29","1.3877","1.3999","1.4005","1.3874","113.07K","-0.83%"
"2020-04-28","1.3993","1.4034","1.4074","1.3933","118.68K","-0.26%"
"2020-04-27","1.4029","1.4108","1.4117","1.4026","95.25K","-0.52%"
"2020-04-24","1.4102","1.4073","1.4121","1.4021","112.38K","0.22%"
"2020-04-23","1.4071","1.4161","1.4200","1.3998","123.88K","-0.62%"
"2020-04-22","1.4159","1.4209","1.4239","1.4113","119.64K","-0.34%"
"2020-04-21","1.4207","1.4149","1.4266","1.4111","118.38K","0.44%"
"2020-04-20","1.4145","1.4008","1.4152","1.4008","93.13K","1.05%"
"2020-04-17","1.3998","1.4082","1.4119","1.3998","120.55K","-0.58%"
"2020-04-16","1.4079","1.4114","1.4183","1.4060","124.72K","-0.23%"
"2020-04-15","1.4111","1.3883","1.4133","1.3874","116.73K","1.66%"
"2020-04-14","1.3881","1.3902","1.3926","1.3861","112.55K","-0.15%"
"2020-04-13","1.3902","1.3941","1.4002","1.3854","94.91K","-0.36%"
"2020-04-10","1.3952","1.3978","1.4010","1.3945","57.00K","-0.15%"
"2020-04-09","1.3973","1.4015","1.4078","1.3929","129.17K","-0.28%"
"2020-04-08","1.4012","1.3994","1.4082","1.3986","134.18K","0.14%"
"2020-04-07","1.3993","1.4110","1.4144","1.3943","141.10K","-0.82%"
"2020-04-06","1.4109","1.4195","1.4262","1.4082","113.93K","-0.65%"
"2020-04-03","1.4201","1.4135","1.4226","1.4093","148.67K","0.50%"
"2020-04-02","1.4131","1.4190","1.4300","1.4079","138.84K","-0.40%"
"2020-04-01","1.4188","1.4060","1.4273","1.4060","142.12K","0.92%"
"2020-03-31","1.4059","1.4167","1.4350","1.4010","141.74K","-0.78%"
"2020-03-30","1.4169","1.3992","1.4185","1.3991","120.02K","1.37%"
"2020-03-27","1.3977","1.4019","1.4155","1.3920","139.95K","-0.28%"
"2020-03-26","1.4016","1.4193","1.4277","1.4008","137.33K","-1.23%"
"2020-03-25","1.4190","1.4465","1.4484","1.4177","130.94K","-1.86%"
"2020-03-24","1.4459","1.4498","1.4534","1.4373","125.67K","-0.26%"
"2020-03-23","1.4496","1.4348","1.4562","1.4335","106.84K","0.93%"
"2020-03-20","1.4362","1.4510","1.4538","1.4149","132.90K","-1.02%"
"2020-03-19","1.4510","1.4505","1.4669","1.4419","137.99K","0.05%"
"2020-03-18","1.4503","1.4201","1.4653","1.4164","139.74K","2.14%"
"2020-03-17","1.4199","1.4016","1.4276","1.3960","100.75K","1.31%"
"2020-03-16","1.4016","1.3836","1.4019","1.3732","94.37K","1.54%"
"2020-03-13","1.3803","1.3926","1.3996","1.3779","133.56K","-0.88%"
"2020-03-12","1.3926","1.3777","1.3966","1.3704","119.91K","1.09%"
"2020-03-11","1.3776","1.3724","1.3795","1.3679","115.74K","0.39%"
"2020-03-10","1.3722","1.3701","1.3798","1.3606","120.82K","0.15%"
"2020-03-09","1.3701","1.3462","1.3761","1.3461","110.77K","2.07%"