date,uncertainty,litigious,strong_modal,weak_modal,constraining,optimistic
1980-01-09,94,15,8,21,24,-125
1980-02-05,89,22,9,20,28,-141
1980-03-18,55,17,7,15,24,-97
1980-04-22,68,8,8,16,15,-83
1980-05-20,59,7,9,16,24,-89
1980-07-09,82,23,9,19,26,-126
1980-08-12,61,6,8,15,18,-89
1980-09-16,78,8,9,20,14,-111
1980-10-21,75,16,7,17,20,-112
1980-12-19,89,18,9,21,31,-120
1981-02-03,113,31,10,20,36,-178
1981-03-31,68,10,8,20,17,-82
1981-05-18,63,10,8,16,22,-102
1981-07-07,77,18,8,20,27,-118
1981-08-18,65,13,9,20,21,-104
1981-10-06,57,17,8,20,21,-129
1981-11-17,67,8,8,22,17,-115
1981-12-22,76,18,9,18,19,-94
1982-02-02,84,19,11,20,23,-146
1982-03-30,75,21,9,20,19,-113
1982-05-18,71,22,8,18,19,-117
1982-07-01,89,24,11,21,30,-144
1982-08-24,69,12,6,20,13,-79
1982-10-05,84,19,10,20,26,-135
1982-11-16,74,14,10,18,19,-126
1982-12-21,93,26,10,19,34,-124
1983-02-09,79,18,10,18,25,-113
1983-03-29,82,12,8,20,23,-115
1983-05-24,71,13,8,19,20,-87
1983-07-13,77,14,12,17,23,-96
1983-08-23,40,7,5,14,10,-44
1983-10-04,71,14,8,19,18,-102
1983-11-15,69,23,8,19,24,-107
1983-12-20,80,14,8,20,19,-105
1984-01-31,75,12,8,17,21,-84
1984-03-27,89,24,10,18,25,-132
1984-05-22,56,13,8,15,22,-107
1984-07-17,79,22,9,19,22,-100
1984-08-21,52,13,6,15,17,-73
1984-10-02,63,13,8,19,13,-93
1984-11-07,70,8,7,17,14,-102
1984-12-18,84,15,8,18,25,-119
1985-02-13,65,12,7,16,18,-77
1985-03-26,64,8,8,18,14,-93
1985-05-21,63,8,8,16,10,-89
1985-07-10,79,17,9,20,19,-107
1985-08-20,67,10,8,17,13,-98
1985-10-01,49,8,7,16,16,-66
1985-11-05,61,11,9,19,10,-54
1985-12-17,77,16,9,19,17,-102
1986-02-12,77,16,7,19,11,-88
1986-04-01,46,8,6,17,11,-56
1986-05-20,67,9,10,17,14,-79
1986-07-09,65,15,10,18,24,-110
1986-08-19,72,13,7,19,16,-77
1986-09-23,56,13,10,19,16,-49
1986-11-05,44,5,5,16,6,-38
1986-12-16,74,11,9,18,21,-79
1987-02-11,73,18,8,20,17,-74
1987-03-31,63,11,8,18,19,-67
1987-05-19,59,9,8,18,9,-62
1987-07-07,72,9,7,21,18,-83
1987-08-18,62,7,11,20,15,-43
1987-09-22,58,7,8,19,14,-67
1987-11-03,67,12,9,19,14,-81
1987-12-16,87,12,11,19,25,-104
1988-02-10,73,16,10,20,24,-106
1988-03-29,71,11,7,18,16,-80
1988-05-17,59,10,6,14,17,-73
1988-06-30,57,18,9,18,16,-63
1988-08-16,55,5,9,18,13,-85
1988-09-20,53,9,8,18,16,-53
1988-11-01,63,15,9,19,19,-93
1988-12-14,80,10,7,18,18,-104
1989-02-08,70,11,11,18,21,-77
1989-03-28,60,10,10,16,18,-72
1989-05-16,70,15,9,18,10,-76
1989-07-06,78,20,8,19,23,-96
1989-08-22,69,14,8,19,10,-84
1989-10-03,65,12,8,18,18,-98
1989-11-14,51,11,7,17,17,-76
1989-12-19,83,28,11,21,26,-152
1990-02-07,54,22,8,17,15,-100
1990-03-27,70,32,10,19,29,-146
1990-05-15,51,8,9,18,18,-58
1990-07-03,68,15,10,18,20,-104
1990-08-21,64,11,9,17,16,-96
1990-10-02,77,11,7,16,24,-126
1990-11-13,58,13,7,18,22,-111
1990-12-18,62,12,8,16,15,-86
1991-02-06,65,18,10,19,20,-127
1991-03-26,65,13,8,16,24,-82
1991-05-14,41,8,7,14,10,-58
1991-07-03,63,15,8,15,21,-82
1991-08-20,68,10,11,16,15,-82
1991-10-01,49,9,9,13,7,-73
1991-11-05,62,12,9,15,11,-100
1991-12-17,57,11,8,16,12,-103
1992-02-05,66,23,8,19,26,-97
1992-03-31,53,11,8,15,15,-61
1992-05-19,60,12,9,18,15,-82
1992-07-01,87,19,7,19,27,-127
1992-08-18,57,19,9,17,24,-80
1992-10-06,59,15,7,18,22,-109
1992-11-17,65,22,9,20,26,-136
1992-12-22,59,14,9,19,16,-60
1993-02-03,41,18,4,15,18,-39
1993-02-03,72,22,11,16,24,-101
1993-03-23,34,8,3,12,14,-31
1993-03-23,69,16,9,17,25,-103
1993-05-18,63,21,12,17,27,-110
1993-05-18,35,8,2,11,15,-36
1993-07-07,88,28,10,19,38,-154
1993-07-07,35,8,4,13,10,-29
1993-08-17,66,13,9,20,22,-79
1993-08-17,28,7,4,9,8,-29
1993-09-21,51,20,9,14,14,-72
1993-09-21,29,8,3,10,10,-24
1993-11-16,67,44,9,20,33,-140
1993-11-16,40,9,8,11,17,-35
1993-12-21,67,22,11,18,25,-106
1993-12-21,28,11,6,11,8,-29
1994-02-04,34,17,5,10,14,-21
1994-02-04,0,0,0,0,0,0
1994-02-04,87,19,8,21,23,-88
1994-03-22,39,8,6,14,11,-29
1994-03-22,0,0,0,0,0,0
1994-03-22,39,8,6,14,11,-29
1994-03-22,73,14,11,17,23,-89
1994-04-18,0,0,1,0,0,0
1994-05-17,26,5,3,10,12,-20
1994-05-17,0,0,2,0,0,2
1994-05-17,56,5,9,15,16,-57
1994-07-06,29,7,2,10,11,-34
1994-07-06,83,17,9,20,27,-107
1994-08-16,53,5,9,15,9,-62
1994-08-16,34,5,3,11,8,-20
1994-08-16,0,0,1,0,0,0
1994-09-27,60,15,9,19,21,-70
1994-09-27,31,5,2,12,11,-36
1994-11-15,70,17,9,19,26,-120
1994-11-15,0,0,0,0,0,0
1994-11-15,32,7,3,11,9,-26
1994-12-20,70,12,9,18,18,-93
1994-12-20,35,5,7,10,9,-23
1995-02-01,107,54,11,22,47,-173
1995-02-01,1,0,0,0,0,1
1995-02-01,38,13,5,13,14,-44
1995-03-28,71,21,10,16,12,-105
1995-03-28,32,17,2,10,11,-35
1995-05-23,61,15,8,15,16,-73
1995-05-23,29,8,3,10,6,-25
1995-07-06,34,5,5,12,7,-23
1995-07-06,0,0,1,0,0,-2
1995-07-06,87,28,9,19,21,-130
1995-08-22,30,8,2,10,7,-10
1995-08-22,61,9,9,16,12,-56
1995-09-26,30,6,3,11,10,-12
1995-09-26,71,25,11,21,25,-99
1995-11-15,31,7,2,11,11,-31
1995-11-15,75,12,11,18,18,-119
1995-12-19,26,6,1,8,10,-15
1995-12-19,2,0,0,1,0,-1
1995-12-19,57,13,8,20,23,-97
1996-01-31,35,18,2,11,14,-33
1996-01-31,0,0,0,0,0,0
1996-01-31,71,15,9,15,19,-121
1996-03-26,49,9,7,15,11,-53
1996-03-26,30,8,1,10,10,-28
1996-05-21,32,9,1,12,8,-7
1996-05-21,71,15,7,20,15,-80
1996-06-13,18,6,6,8,8,-17
1996-06-18,15,12,4,6,6,-10
1996-06-26,12,7,3,4,7,-5
1996-07-03,98,36,11,20,29,-149
1996-07-03,34,8,2,11,13,-26
1996-07-17,9,18,0,5,3,-26
1996-07-18,29,6,6,14,10,-11
1996-07-24,18,9,4,5,3,-36
1996-07-26,20,10,7,6,13,-8
1996-08-20,74,24,8,21,18,-113
1996-08-20,31,6,2,10,9,-30
1996-09-08,21,2,3,6,6,-20
1996-09-12,25,8,5,9,7,-44
1996-09-18,8,6,3,1,2,-3
1996-09-19,14,8,5,7,7,-15
1996-09-24,36,9,1,11,12,-22
1996-09-24,77,17,7,18,26,-104
1996-10-02,10,4,4,6,4,8
1996-10-05,18,11,6,7,16,-14
1996-10-07,8,6,3,3,6,1
1996-10-09,19,11,5,7,11,-23
1996-10-11,19,10,5,6,15,-23
1996-10-16,13,3,6,8,3,-6
1996-10-24,15,11,5,4,6,-2
1996-10-31,15,6,5,4,3,3
1996-11-13,58,11,9,18,14,-62
1996-11-13,29,8,3,13,11,-18
1996-11-18,35,9,7,11,15,-24
1996-11-21,26,10,8,13,21,-17
1996-11-25,13,8,4,3,9,7
1996-12-03,16,4,4,7,5,-9
1996-12-05,32,13,4,8,10,-60
1996-12-06,26,6,4,11,8,-22
1996-12-17,27,4,3,9,10,-10
1996-12-17,56,11,9,18,14,-71
1996-12-19,19,13,7,9,11,-25
1997-01-05,27,2,5,8,11,-4
1997-01-14,35,13,7,10,12,-25
1997-01-16,33,6,5,13,10,-36
1997-01-21,24,5,4,8,6,-24
1997-01-24,27,17,6,12,22,-22
1997-01-28,16,10,4,8,9,2
1997-01-29,20,3,4,6,10,-13
1997-01-30,27,4,3,11,3,-23
1997-02-05,88,17,8,19,27,-107
1997-02-05,37,14,3,10,13,-24
1997-02-13,22,20,5,9,16,-30
1997-02-14,17,7,4,5,11,1
1997-02-21,34,29,6,13,16,-60
1997-02-26,39,8,6,15,8,-53
1997-03-03,11,13,4,5,16,0
1997-03-04,19,4,3,8,2,-11
1997-03-07,15,10,5,5,9,-17
1997-03-13,11,8,5,7,8,2
1997-03-19,25,14,4,11,16,-31
1997-03-20,20,15,3,4,28,-25
1997-03-20,20,4,5,10,6,-11
1997-03-22,19,12,6,8,12,-21
1997-03-25,61,8,10,17,20,-76
1997-03-25,35,9,5,13,11,-28
1997-03-25,1,1,0,0,0,-3
1997-04-04,21,4,5,10,3,-2
1997-04-10,28,11,6,15,16,-20
1997-04-12,25,22,4,8,22,-48
1997-04-15,15,15,5,6,6,-25
1997-04-24,39,5,6,17,18,-40
1997-04-29,21,7,4,7,8,-17
1997-05-01,31,21,6,7,11,-10
1997-05-03,19,14,5,8,10,-18
1997-05-08,22,3,7,7,7,-21
1997-05-20,38,4,4,11,10,-10
1997-05-22,21,14,5,6,23,-21
1997-05-23,27,8,4,10,6,-21
1997-06-10,19,14,8,7,9,-15
1997-06-18,12,2,4,8,6,4
1997-06-18,11,9,7,5,6,3
1997-07-02,77,25,11,18,29,-88
1997-07-02,31,4,5,11,14,-8
1997-07-15,10,20,4,7,11,-5
1997-07-17,18,12,5,8,22,-32
1997-07-22,42,4,9,12,16,-28
1997-07-23,34,3,8,12,9,-17
1997-07-23,20,4,6,11,3,-26
1997-07-29,11,6,2,3,7,13
1997-07-30,16,7,5,6,13,-16
1997-08-19,80,18,10,22,20,-105
1997-08-19,29,5,4,11,7,-22
1997-09-04,13,3,5,10,8,-5
1997-09-05,44,5,7,12,9,-38
1997-09-12,26,3,6,12,11,-7
1997-09-12,7,2,5,3,6,10
1997-09-16,20,9,5,7,12,-15
1997-09-17,35,4,6,11,8,-25
1997-09-19,19,10,4,5,6,-4
1997-09-23,20,12,4,8,11,5
1997-09-24,18,16,3,5,15,-30
1997-09-30,28,5,3,12,8,-24
1997-09-30,84,10,10,22,26,-87
1997-10-01,11,1,1,4,4,-2
1997-10-01,18,8,3,4,8,-7
1997-10-05,27,12,4,7,8,1
1997-10-08,22,9,4,8,12,4
1997-10-08,29,4,7,10,12,-33
1997-10-11,13,7,4,6,5,-7
1997-10-14,19,4,6,8,8,-13
1997-10-14,21,4,6,8,7,5
1997-10-14,25,1,6,14,12,-19
1997-10-15,16,5,6,5,7,-9
1997-10-21,9,1,1,4,1,-2
1997-10-29,18,4,3,6,2,-13
1997-10-30,19,10,5,6,7,11
1997-10-31,12,2,3,6,10,5
1997-11-04,16,9,5,6,11,-6
1997-11-04,18,5,7,6,7,1
1997-11-07,30,5,7,12,8,-3
1997-11-12,91,23,9,22,20,-140
1997-11-12,32,7,2,12,6,-18
1997-11-13,8,3,2,4,2,-10
1997-11-20,18,11,3,6,9,-21
1997-12-01,13,3,5,7,10,2
1997-12-02,26,7,6,11,16,-55
1997-12-03,21,4,6,8,7,6
1997-12-15,17,6,5,6,8,-24
1997-12-16,33,4,3,9,9,-16
1997-12-16,86,11,7,18,22,-119
1998-01-03,34,4,9,10,9,-21
1998-01-08,34,2,5,14,12,-23
1998-01-12,24,5,4,10,9,-14
1998-01-16,17,3,6,9,4,1
1998-01-29,19,2,2,4,6,-19
1998-01-29,20,5,4,6,3,-22
1998-01-30,34,11,6,11,10,-70
1998-02-04,40,14,4,11,16,-33
1998-02-04,94,19,10,21,23,-147
1998-02-11,24,6,5,10,10,-39
1998-02-12,35,11,6,11,11,-76
1998-02-17,12,7,4,7,3,-6
1998-02-24,33,5,4,11,9,-14
1998-02-26,32,8,6,10,10,-19
1998-02-27,36,11,6,13,12,-64
1998-02-27,30,5,5,7,8,-21
1998-03-02,23,8,4,8,6,-23
1998-03-03,34,8,4,11,8,-58
1998-03-03,17,6,4,4,7,-10
1998-03-03,11,2,3,5,3,-17
1998-03-04,19,14,7,7,12,-51
1998-03-04,19,4,5,7,5,-25
1998-03-06,9,0,3,6,2,-4
1998-03-09,13,10,5,5,6,-19
1998-03-10,11,17,3,3,23,-19
1998-03-16,35,2,8,11,13,-26
1998-03-17,16,4,5,4,8,-8
1998-03-19,9,2,3,5,4,-13
1998-03-19,18,10,5,10,8,-1
1998-03-26,25,6,6,6,6,-12
1998-03-31,29,5,1,12,7,-27
1998-03-31,80,18,12,20,25,-116
1998-04-02,20,13,5,7,9,-41
1998-04-02,33,9,11,10,16,-22
1998-04-04,21,9,4,8,12,2
1998-04-09,20,2,8,10,9,-4
1998-04-16,31,20,9,13,26,-41
1998-04-16,19,8,3,7,4,-53
1998-04-20,29,8,7,12,9,-14
1998-04-23,18,12,5,6,8,-56
1998-04-28,30,13,6,10,13,-33
1998-04-29,18,4,5,8,5,-5
1998-04-29,37,22,7,14,21,-32
1998-04-30,12,3,5,6,6,17
1998-05-02,26,22,5,9,15,-23
1998-05-07,18,9,4,8,3,-3
1998-05-07,43,11,6,14,15,-64
1998-05-12,15,7,6,6,2,-11
1998-05-12,12,3,3,7,0,6
1998-05-19,82,14,11,19,23,-132
1998-05-19,32,8,4,13,6,-27
1998-05-20,1,1,2,0,1,1
1998-05-21,12,4,4,6,4,-14
1998-06-03,27,15,5,15,14,-18
1998-06-03,35,2,6,11,12,-39
1998-06-04,19,17,3,5,11,-13
1998-06-09,28,18,7,11,15,-34
1998-06-10,18,26,3,7,10,-25
1998-06-10,32,1,5,11,7,-23
1998-06-11,13,23,6,3,6,-35
1998-06-16,22,15,7,12,7,-7
1998-06-17,31,33,7,11,34,-44
1998-06-18,14,6,5,6,2,-31
1998-07-01,34,7,5,11,7,-30
1998-07-01,99,20,10,21,36,-191
1998-07-09,43,1,6,11,9,-37
1998-07-10,16,8,8,6,10,-5
1998-07-16,17,17,4,4,21,-29
1998-07-17,0,1,0,0,0,0
1998-07-20,18,8,4,6,7,-30
1998-07-24,39,4,6,13,11,-36
1998-07-24,18,21,4,8,12,-42
1998-07-30,19,20,4,8,12,-38
1998-08-18,32,7,4,14,8,-35
1998-08-18,79,21,11,18,24,-141
1998-08-28,0,0,0,0,0,0
1998-09-04,33,12,6,10,12,-20
1998-09-09,9,4,1,4,2,-4
1998-09-15,26,6,5,8,8,-33
1998-09-16,23,5,3,9,14,-39
1998-09-17,20,5,4,8,11,-5
1998-09-17,27,1,4,9,5,-7
1998-09-18,21,12,3,10,12,-17
1998-09-23,25,4,4,8,4,-30
1998-09-28,14,3,6,6,3,5
1998-09-29,29,9,3,9,12,-51
1998-09-29,0,0,0,0,0,-2
1998-09-29,21,9,4,10,3,7
1998-09-29,88,27,10,19,25,-174
1998-10-01,36,11,5,12,11,-62
1998-10-05,44,2,6,18,6,-49
1998-10-08,14,5,4,7,0,-9
1998-10-14,16,4,5,6,3,-10
1998-10-15,1,0,0,0,1,-3
1998-10-16,24,7,7,9,5,-12
1998-10-22,23,10,4,8,4,-15
1998-10-22,26,1,3,12,6,-57
1998-10-22,18,11,6,10,6,4
1998-10-27,20,7,4,8,8,6
1998-10-29,26,10,4,9,5,-28
1998-11-05,32,7,4,8,17,-58
1998-11-06,23,9,5,11,6,-30
1998-11-12,9,9,2,2,9,-17
1998-11-17,36,11,5,11,14,-47
1998-11-17,84,14,10,19,26,-126
1998-11-17,1,0,0,0,0,-2
1998-12-16,15,12,5,4,8,-7
1998-12-22,23,7,4,8,9,-27
1998-12-22,82,13,9,19,19,-85
1999-01-03,23,2,5,8,4,-22
1999-01-04,28,8,6,12,17,5
1999-01-11,28,13,6,12,16,1
1999-01-15,22,5,3,7,7,-25
1999-01-20,27,4,4,10,2,-19
1999-01-21,24,9,4,6,13,-22
1999-01-28,21,3,5,9,4,-7
1999-02-03,112,27,11,21,34,-175
1999-02-03,33,19,4,10,9,-26
1999-02-09,4,5,3,2,6,-6
1999-02-11,14,14,5,5,11,-16
1999-02-11,14,6,4,6,4,-22
1999-02-16,15,3,5,6,6,21
1999-02-23,37,10,5,11,9,-45
1999-02-23,10,11,3,4,8,-1
1999-02-23,4,5,3,2,6,-6
1999-02-24,13,1,4,7,4,-15
1999-02-25,19,3,7,7,11,-5
1999-02-25,10,9,4,4,10,-14
1999-02-25,29,1,2,11,14,-48
1999-03-01,17,6,6,7,6,-3
1999-03-03,29,4,7,10,5,-11
1999-03-03,22,6,4,8,5,-14
1999-03-04,8,7,1,2,5,-9
1999-03-08,19,6,4,8,3,8
1999-03-08,12,5,2,4,3,-1
1999-03-09,13,2,5,6,3,-2
1999-03-10,13,2,3,6,3,-9
1999-03-12,21,16,5,6,11,-35
1999-03-16,19,5,6,8,7,-9
1999-03-16,7,5,3,4,9,0
1999-03-18,12,16,1,1,8,-21
1999-03-19,32,7,5,8,10,-24
1999-03-24,18,10,3,7,8,-1
1999-03-25,28,10,4,7,6,-30
1999-03-25,22,19,4,8,22,-42
1999-03-30,76,14,9,20,21,-127
1999-03-30,33,7,3,12,7,-12
1999-04-06,24,7,2,12,8,-22
1999-04-13,18,6,6,5,2,-7
1999-04-13,27,21,4,7,18,-35
1999-04-14,30,1,6,12,11,-39
1999-04-16,10,5,6,5,4,-9
1999-04-20,8,17,2,4,8,-20
1999-04-20,7,3,2,4,2,5
1999-04-22,35,6,6,12,14,-73
1999-04-22,27,3,4,12,11,-14
1999-04-26,21,3,4,7,2,-7
1999-04-28,17,8,6,8,13,-22
1999-04-29,33,5,5,10,10,-23
1999-05-06,33,11,7,13,10,-32
1999-05-06,13,5,7,3,9,-13
1999-05-12,25,17,4,8,23,-35
1999-05-13,17,2,5,9,1,7
1999-05-13,11,4,4,5,4,-8
1999-05-18,4,0,0,3,1,-1
1999-05-18,29,4,4,12,10,-14
1999-05-18,85,14,11,18,23,-122
1999-05-18,18,16,3,7,10,-25
1999-05-20,20,6,4,8,6,-20
1999-06-01,19,0,5,12,2,-9
1999-06-02,9,6,6,5,4,-6
1999-06-03,24,13,7,9,9,-12
1999-06-10,17,11,5,7,4,14
1999-06-10,21,3,2,6,5,-14
1999-06-14,31,16,5,10,19,-32
1999-06-14,16,4,2,9,11,7
1999-06-16,21,16,4,10,9,-36
1999-06-16,11,6,3,4,4,-1
1999-06-17,17,3,4,7,2,-27
1999-06-22,11,4,2,3,4,-3
1999-06-30,2,0,1,2,1,-2
1999-06-30,37,8,4,14,12,-17
1999-06-30,100,25,12,20,33,-170
1999-07-21,10,12,2,6,6,-13
1999-07-22,29,9,5,10,12,-27
1999-07-29,18,8,5,7,2,-4
1999-08-24,89,21,10,21,32,-130
1999-08-24,1,0,0,0,2,-2
1999-08-24,33,8,3,13,11,-30
1999-08-27,21,1,4,8,3,-36
1999-09-08,39,0,6,11,7,-29
1999-09-08,15,9,6,7,3,4
1999-09-09,22,2,5,9,11,-5
1999-09-15,12,0,3,8,2,9
1999-09-16,3,0,2,3,0,6
1999-09-17,21,12,5,10,6,-11
1999-09-17,26,4,5,9,7,-24
1999-09-21,21,7,4,14,13,1
1999-09-27,20,12,6,10,6,-37
1999-09-27,13,9,5,6,11,-3
1999-09-28,27,4,3,7,2,-3
1999-09-30,12,6,6,5,5,-8
1999-10-01,26,5,5,8,11,-43
1999-10-05,29,6,2,13,7,-11
1999-10-05,89,20,11,19,29,-125
1999-10-05,3,0,1,3,2,1
1999-10-06,27,8,5,7,3,0
1999-10-11,14,5,3,6,4,2
1999-10-12,42,5,6,16,14,-65
1999-10-14,27,3,5,9,4,-37
1999-10-15,22,3,5,7,7,-16
1999-10-19,20,12,5,11,8,-32
1999-10-28,30,2,7,13,8,-13
1999-10-28,27,7,4,10,8,-11
1999-11-02,17,3,4,9,2,4
1999-11-04,8,4,5,5,3,-15
1999-11-10,18,17,4,6,15,-23
1999-11-15,10,15,4,4,14,-9
1999-11-16,31,4,4,13,8,-24
1999-11-16,4,0,1,0,1,-3
1999-11-16,84,13,11,20,24,-106
1999-11-30,45,4,6,15,14,-15
1999-12-15,23,15,6,7,17,-7
1999-12-21,4,0,2,2,1,-1
1999-12-21,28,9,3,11,6,-25
1999-12-21,90,26,8,20,24,-160
2000-01-07,24,8,2,11,8,-39
2000-01-13,32,6,6,10,9,-28
2000-01-13,22,2,5,6,13,-16
2000-01-14,19,12,5,9,13,-7
2000-01-20,26,3,6,9,4,-32
2000-01-26,10,8,5,4,3,6
2000-02-02,4,0,1,2,0,-3
2000-02-02,37,16,3,10,13,-34
2000-02-02,96,18,8,19,29,-134
2000-02-03,16,17,3,6,16,-11
2000-02-08,20,13,5,6,13,-25
2000-02-10,14,20,3,5,9,-17
2000-02-17,35,6,3,11,10,0
2000-02-17,25,3,4,9,9,-1
2000-02-23,25,4,4,8,7,-24
2000-02-25,25,9,6,6,16,-4
2000-03-03,39,0,2,14,11,-28
2000-03-06,21,10,5,7,12,9
2000-03-06,20,5,4,11,8,-4
2000-03-07,6,6,2,3,3,-4
2000-03-08,21,7,4,9,5,-9
2000-03-13,22,7,5,10,13,-26
2000-03-21,4,0,1,2,0,-3
2000-03-21,85,25,10,18,31,-137
2000-03-21,24,5,4,9,7,-14
2000-03-22,13,5,2,7,6,-7
2000-03-27,11,5,6,4,3,3
2000-03-28,7,5,1,4,3,-11
2000-03-30,16,7,5,6,4,-20
2000-04-05,25,3,4,10,4,-20
2000-04-06,26,5,4,6,8,2
2000-04-07,17,3,4,8,5,-11
2000-04-10,10,4,4,4,4,11
2000-04-11,14,2,4,6,5,19
2000-04-11,8,13,1,1,7,-10
2000-04-12,37,2,8,15,5,-30
2000-04-13,18,5,7,6,3,-8
2000-04-14,17,24,4,9,14,-37
2000-04-14,25,8,5,8,6,-28
2000-04-17,9,2,6,5,4,19
2000-04-20,24,2,3,9,6,-13
2000-04-27,19,5,5,9,5,23
2000-05-03,25,6,5,6,15,-3
2000-05-04,15,4,4,10,4,18
2000-05-04,39,7,5,12,10,-28
2000-05-09,31,2,4,8,3,-2
2000-05-11,12,3,8,6,5,-4
2000-05-12,12,3,7,6,6,-5
2000-05-16,26,5,3,9,8,-16
2000-05-16,4,0,1,2,0,-3
2000-05-16,84,15,11,21,19,-140
2000-05-18,2,2,1,1,1,9
2000-05-18,16,6,3,6,7,-15
2000-05-22,23,5,6,10,5,-11
2000-05-24,15,24,3,9,20,-42
2000-05-25,22,6,5,7,5,-2
2000-05-26,15,13,4,4,9,7
2000-05-31,21,17,5,6,17,-27
2000-06-01,26,8,5,10,9,-14
2000-06-06,28,1,5,13,5,-12
2000-06-12,9,14,3,2,4,-11
2000-06-13,40,12,4,11,21,-23
2000-06-13,28,5,5,9,6,-7
2000-06-14,8,18,2,3,11,-13
2000-06-21,8,18,3,3,10,-10
2000-06-28,31,5,3,11,6,-20
2000-06-28,7,0,0,2,0,1
2000-06-28,91,18,10,21,28,-105
2000-07-11,16,2,4,8,4,10
2000-07-12,27,7,6,9,7,-50
2000-07-19,8,15,3,2,5,-16
2000-08-22,5,0,0,1,0,0
2000-08-22,74,16,11,18,22,-87
2000-08-22,24,3,3,8,6,-18
2000-08-25,18,3,5,6,5,-11
2000-08-31,27,11,6,7,17,-14
2000-09-13,12,15,2,3,9,-1
2000-09-15,10,6,7,4,11,-5
2000-09-18,18,18,4,10,11,-16
2000-09-21,11,1,6,3,4,16
2000-10-03,85,14,10,21,24,-126
2000-10-03,25,3,2,7,7,-16
2000-10-03,5,1,0,1,0,2
2000-10-11,17,7,5,6,6,-6
2000-10-16,19,6,9,7,4,-19
2000-10-19,27,4,4,9,7,-16
2000-10-19,9,6,5,4,6,19
2000-10-19,29,2,5,14,4,-10
2000-10-20,24,6,5,11,7,3
2000-10-24,36,29,6,13,32,-43
2000-10-31,29,1,5,11,3,-28
2000-11-14,11,3,4,6,3,-7
2000-11-15,83,7,12,20,23,-135
2000-11-15,7,0,0,3,0,-2
2000-11-15,23,3,3,9,8,-24
2000-11-20,9,4,2,2,4,3
2000-11-21,6,4,4,4,2,9
2000-12-05,29,8,6,9,6,-26
2000-12-06,10,11,4,6,7,-5
2000-12-06,31,1,5,10,4,-3
2000-12-08,1,4,0,1,0,14
2000-12-19,4,0,1,2,0,-9
2000-12-19,30,5,5,11,6,-37
2000-12-19,30,5,5,11,6,-37
2000-12-19,76,22,11,19,27,-141
2001-01-03,4,1,0,2,0,0
2001-01-12,32,2,5,14,3,-14
2001-01-25,16,4,4,8,1,-1
2001-01-25,23,3,3,8,7,-20
2001-01-31,4,0,0,2,0,-4
2001-01-31,107,34,9,21,40,-187
2001-01-31,37,16,2,12,17,-51
2001-02-13,26,5,5,12,10,-15
2001-02-14,21,6,3,9,5,16
2001-02-15,21,23,6,9,22,-13
2001-02-20,29,5,7,13,5,-4
2001-02-27,37,10,5,16,5,-7
2001-02-28,23,4,5,8,9,-16
2001-03-02,23,3,3,8,6,-14
2001-03-05,37,7,8,10,13,-26
2001-03-07,26,1,3,10,8,-21
2001-03-09,33,8,5,15,3,1
2001-03-13,25,9,4,7,10,-9
2001-03-15,28,4,4,12,8,-10
2001-03-20,36,6,3,11,10,-34
2001-03-20,36,6,3,11,10,-34
2001-03-20,36,6,3,11,10,-34
2001-03-20,82,18,10,20,26,-151
2001-03-20,8,0,1,4,1,-4
2001-03-23,13,12,4,7,12,-17
2001-03-27,21,2,5,9,4,-9
2001-03-28,43,6,6,15,12,-31
2001-04-04,22,8,5,7,23,-12
2001-04-04,10,6,7,4,5,-24
2001-04-05,34,8,5,14,3,0
2001-04-05,8,3,1,4,5,-7
2001-04-06,7,2,2,4,4,3
2001-04-18,9,0,0,3,1,-7
2001-04-19,27,9,6,8,4,-14
2001-04-19,20,6,5,10,13,-31
2001-04-26,34,8,5,14,3,-1
2001-04-27,34,4,4,12,15,-6
2001-05-02,7,16,3,3,8,-17
2001-05-10,27,10,5,7,11,-37
2001-05-10,24,9,5,11,18,-26
2001-05-15,79,12,10,22,20,-131
2001-05-15,8,0,0,3,1,-3
2001-05-15,32,5,5,11,6,-31
2001-05-17,28,3,4,10,8,-23
2001-05-17,22,5,6,7,7,-6
2001-05-18,24,10,6,11,11,-16
2001-05-21,28,10,4,10,14,-4
2001-05-21,21,10,4,10,10,-1
2001-05-24,37,1,8,12,10,-32
2001-05-24,37,3,5,12,8,-41
2001-06-06,39,1,5,12,5,-56
2001-06-11,30,7,5,10,10,-14
2001-06-13,1,1,0,0,0,2
2001-06-14,22,4,6,10,4,5
2001-06-20,13,4,6,7,6,-12
2001-06-20,11,0,3,6,7,12
2001-06-20,19,3,2,6,2,-14
2001-06-27,23,6,3,7,5,-45
2001-06-27,3,0,0,1,0,-4
2001-06-27,99,35,11,22,35,-183
2001-06-28,23,4,9,10,8,-34
2001-06-28,0,0,0,0,0,2
2001-07-12,8,17,4,5,13,-8
2001-07-17,0,0,0,0,1,1
2001-07-18,0,0,0,0,0,0
2001-07-18,28,2,5,12,7,-23
2001-07-26,28,8,7,7,17,-26
2001-08-02,0,1,0,0,1,0
2001-08-03,0,0,0,0,0,0
2001-08-21,26,6,3,9,4,-38
2001-08-21,78,17,8,16,18,-135
2001-08-21,3,0,0,1,0,-4
2001-08-21,26,6,3,9,4,-38
2001-08-21,26,6,3,9,4,-38
2001-08-31,4,0,0,3,0,3
2001-08-31,17,4,4,7,2,-5
2001-09-04,21,9,3,6,1,-1
2001-09-17,5,0,1,1,1,-2
2001-09-20,9,2,2,3,6,-11
2001-10-02,5,0,0,1,1,-1
2001-10-02,77,14,10,21,16,-147
2001-10-02,30,5,4,10,6,-50
2001-10-11,12,4,5,2,4,-1
2001-10-12,0,0,0,0,0,0
2001-10-15,34,10,3,10,11,-29
2001-10-16,33,5,6,12,7,-39
2001-10-17,22,2,3,6,3,-21
2001-10-23,4,5,1,2,4,-9
2001-10-23,5,4,4,2,2,-3
2001-10-24,22,8,5,8,8,-35
2001-10-26,8,1,2,5,1,8
2001-11-01,20,11,2,11,7,-7
2001-11-06,23,8,6,14,5,-38
2001-11-06,89,20,7,21,26,-154
2001-11-06,5,0,0,1,2,0
2001-11-08,16,10,3,8,4,9
2001-11-08,11,5,3,7,9,-3
2001-11-13,15,4,5,7,5,-27
2001-11-27,0,0,0,0,0,0
2001-11-30,20,5,3,8,7,-10
2001-11-30,0,0,0,0,0,0
2001-12-03,22,8,5,8,8,-35
2001-12-05,39,12,5,14,22,-46
2001-12-11,100,14,10,21,35,-135
2001-12-11,28,10,2,9,4,-32
2001-12-11,6,0,0,1,2,2
2001-12-18,19,5,2,9,6,-21
2002-01-08,22,7,5,6,8,-3
2002-01-10,6,1,2,3,6,10
2002-01-11,27,4,4,12,4,-25
2002-01-16,55,3,8,15,20,-57
2002-01-16,1,1,1,1,1,5
2002-01-16,23,3,2,7,3,-16
2002-01-18,7,13,4,5,6,-31
2002-01-24,24,6,3,12,8,-15
2002-01-29,11,19,5,4,10,-13
2002-01-30,4,0,0,2,1,0
2002-01-30,31,14,4,10,10,-37
2002-01-30,107,30,10,24,43,-191
2002-02-05,6,4,3,4,5,9
2002-02-07,31,12,5,11,8,-16
2002-02-08,18,17,4,9,16,-12
2002-02-20,25,3,5,13,4,-2
2002-02-27,34,8,4,10,10,-56
2002-02-27,24,3,2,9,3,-16
2002-02-28,19,6,4,6,4,-14
2002-02-28,18,9,4,5,5,-1
2002-03-01,12,6,3,6,7,-17
2002-03-04,16,6,6,6,4,-19
2002-03-04,26,10,5,9,11,-39
2002-03-07,33,8,4,10,10,-53
2002-03-07,23,10,3,9,6,-17
2002-03-12,18,10,4,6,9,-24
2002-03-13,2,0,0,0,0,0
2002-03-14,6,18,3,2,20,-14
2002-03-19,83,22,10,19,23,-125
2002-03-19,28,5,4,9,6,-27
2002-03-19,3,0,0,1,0,0
2002-03-21,1,1,1,0,0,2
2002-03-26,0,0,0,0,0,0
2002-03-26,0,0,0,0,0,0
2002-04-08,8,8,3,2,4,5
2002-04-17,23,3,2,10,5,-21
2002-04-22,23,9,5,8,8,-31
2002-04-23,35,9,6,10,17,-45
2002-04-24,28,5,3,8,4,-34
2002-04-30,13,4,4,4,7,-2
2002-05-02,9,3,3,3,3,-1
2002-05-03,24,6,5,9,7,-24
2002-05-07,76,24,10,16,19,-116
2002-05-07,4,0,0,2,0,1
2002-05-07,27,7,3,12,5,-29
2002-05-09,21,6,7,7,10,-10
2002-05-10,27,5,5,8,10,-19
2002-05-11,8,4,7,6,0,2
2002-05-13,10,4,5,3,3,3
2002-05-17,10,1,2,4,5,8
2002-05-17,6,2,1,4,3,4
2002-05-21,17,6,2,7,13,4
2002-05-21,16,10,3,6,5,-3
2002-05-22,11,13,3,4,10,14
2002-05-31,9,8,3,5,2,6
2002-06-10,18,10,6,6,5,-21
2002-06-11,21,8,8,7,10,-16
2002-06-20,1,1,2,0,0,4
2002-06-26,97,22,10,20,26,-163
2002-06-26,4,0,0,1,0,1
2002-06-26,24,5,1,9,4,-25
2002-07-05,7,2,2,3,1,-5
2002-07-08,12,9,2,6,6,6
2002-07-16,30,16,5,13,14,-46
2002-07-26,7,3,4,3,2,13
2002-08-13,3,0,0,1,0,-2
2002-08-13,23,4,2,8,7,-39
2002-08-13,80,16,8,20,21,-136
2002-08-30,0,0,0,0,0,0
2002-09-12,1,1,1,0,0,1
2002-09-24,25,4,3,9,5,-26
2002-09-24,93,14,11,19,26,-170
2002-09-24,5,0,0,2,0,-1
2002-09-25,11,13,3,4,10,-6
2002-09-25,6,6,1,3,0,4
2002-09-25,1,0,0,0,0,0
2002-09-25,17,8,6,6,9,-18
2002-09-28,21,10,5,8,10,-21
2002-10-01,17,12,4,7,10,-17
2002-10-03,14,3,7,6,5,-1
2002-10-07,20,5,2,5,8,-5
2002-10-08,21,9,4,5,7,-9
2002-10-09,21,3,3,7,4,-4
2002-10-15,38,9,6,9,8,-44
2002-10-16,44,9,4,14,11,-64
2002-10-16,2,1,2,2,2,9
2002-10-16,31,14,6,13,19,-51
2002-10-22,4,5,2,1,6,17
2002-10-23,16,1,3,8,1,-4
2002-10-24,23,5,4,8,3,-24
2002-10-29,0,0,0,0,0,0
2002-11-06,4,0,0,0,1,0
2002-11-06,28,6,4,10,10,-31
2002-11-06,87,21,9,20,37,-159
2002-11-07,11,3,4,7,7,2
2002-11-07,17,12,5,4,11,-24
2002-11-08,25,8,6,8,9,-58
2002-11-12,0,0,0,0,0,0
2002-11-12,0,0,0,0,0,0
2002-11-12,11,5,5,6,9,-4
2002-11-12,0,0,0,0,0,0
2002-11-12,19,7,4,10,3,-9
2002-11-13,0,1,0,0,0,0
2002-11-18,3,6,3,0,5,0
2002-11-18,5,0,2,4,1,-4
2002-11-19,29,9,8,10,7,-21
2002-11-20,33,5,6,9,8,-21
2002-11-21,29,7,8,11,14,-47
2002-11-22,14,3,3,6,1,-13
2002-12-10,25,4,2,10,5,-29
2002-12-10,70,19,7,18,18,-81
2002-12-10,3,0,0,0,0,-1
2002-12-11,25,15,4,8,6,-19
2002-12-13,21,12,7,8,6,-20
2002-12-13,8,2,2,3,4,-5
2002-12-19,43,3,4,14,19,-50
2003-01-04,20,1,5,7,9,-6
2003-01-29,120,31,10,22,36,-207
2003-01-29,25,15,3,9,11,-42
2003-01-29,2,0,1,0,1,1
2003-02-03,33,9,7,10,18,-48
2003-02-05,12,5,4,6,2,-25
2003-02-06,16,13,6,6,11,-20
2003-02-11,2,2,1,1,2,-3
2003-02-11,21,13,5,11,13,-22
2003-02-12,39,5,5,11,15,-44
2003-02-21,41,7,4,12,9,-55
2003-02-26,37,8,6,9,15,-41
2003-02-27,20,5,3,7,7,-2
2003-02-27,31,13,5,9,15,-54
2003-02-27,25,2,5,10,7,-13
2003-02-28,39,4,6,12,8,-42
2003-03-04,26,1,5,13,4,-5
2003-03-05,28,6,6,6,11,-12
2003-03-07,21,6,6,8,10,-10
2003-03-13,12,4,4,6,4,8
2003-03-18,7,0,1,1,1,2
2003-03-18,90,18,10,23,23,-150
2003-03-18,27,3,1,10,5,-38
2003-03-24,39,14,6,8,11,-13
2003-03-25,28,8,6,12,18,-14
2003-03-27,6,20,2,2,18,-8
2003-03-28,14,3,6,5,4,7
2003-04-03,7,3,3,4,4,4
2003-04-03,11,10,3,5,10,-11
2003-04-04,14,16,5,6,8,-12
2003-04-07,8,5,2,5,3,19
2003-04-08,10,10,3,6,9,-12
2003-04-09,17,17,5,3,7,-34
2003-04-09,24,6,5,7,19,-5
2003-04-10,12,4,4,5,6,-4
2003-04-24,24,9,4,9,5,-30
2003-04-24,38,4,7,9,7,-43
2003-04-28,22,4,3,7,11,-37
2003-04-30,20,3,2,10,3,-5
2003-05-06,24,5,3,9,5,-21
2003-05-06,6,0,0,2,0,3
2003-05-06,85,19,10,20,28,-144
2003-05-07,0,0,1,0,0,-1
2003-05-08,1,0,0,1,0,0
2003-05-13,0,0,0,0,0,1
2003-05-16,18,6,5,6,5,-6
2003-05-21,0,1,0,0,0,0
2003-05-22,0,0,0,0,0,0
2003-05-30,10,9,8,6,2,0
2003-05-31,27,7,5,12,16,-51
2003-06-04,0,1,0,0,0,0
2003-06-10,27,10,5,7,14,-12
2003-06-10,16,4,3,7,5,-26
2003-06-10,28,4,4,11,9,-29
2003-06-11,17,11,3,10,6,-9
2003-06-11,16,8,4,4,7,-18
2003-06-11,28,2,4,10,10,-35
2003-06-13,6,0,1,3,2,22
2003-06-16,12,6,5,3,7,-23
2003-06-17,27,7,3,5,11,-40
2003-06-18,24,7,4,7,13,-23
2003-06-19,27,6,6,9,19,-33
2003-06-20,0,1,0,0,0,0
2003-06-25,5,0,0,0,0,1
2003-06-25,114,33,10,21,52,-190
2003-06-25,27,6,4,9,12,-32
2003-06-26,16,8,3,5,3,-4
2003-07-10,13,3,2,5,3,-21
2003-07-15,29,4,2,12,4,-14
2003-07-23,46,7,6,13,10,-47
2003-07-29,0,1,1,0,0,1
2003-08-07,12,12,5,5,7,-13
2003-08-10,19,14,6,8,11,-15
2003-08-12,85,16,9,17,22,-110
2003-08-12,28,5,2,11,8,-7
2003-08-12,6,0,0,0,0,-1
2003-08-18,3,3,3,1,0,10
2003-08-29,32,1,3,5,4,-7
2003-09-04,25,1,6,10,5,-21
2003-09-04,7,2,3,5,3,9
2003-09-15,78,13,10,17,21,-84
2003-09-16,6,0,0,0,0,-2
2003-09-16,30,5,4,10,7,-13
2003-09-16,78,13,9,20,22,-119
2003-09-22,13,12,5,7,11,3
2003-09-24,28,4,6,7,10,-35
2003-09-26,7,0,2,3,1,8
2003-10-01,22,2,6,9,7,-25
2003-10-02,46,4,4,13,5,-30
2003-10-08,6,1,3,4,1,6
2003-10-08,27,6,5,11,4,-29
2003-10-08,29,11,4,12,10,-26
2003-10-09,14,18,2,6,12,-29
2003-10-14,4,7,3,1,3,11
2003-10-14,15,2,1,7,3,0
2003-10-17,30,7,3,9,6,-25
2003-10-17,32,5,4,10,6,-16
2003-10-20,17,5,3,6,4,-23
2003-10-24,20,2,6,12,6,-34
2003-10-28,27,4,5,11,5,-5
2003-10-28,7,0,0,1,0,0
2003-10-28,97,17,10,21,33,-91
2003-10-29,16,4,3,8,2,-4
2003-10-31,1,1,1,0,0,2
2003-11-06,21,2,3,10,7,-25
2003-11-06,32,6,6,12,7,-54
2003-11-13,0,1,0,0,0,2
2003-11-14,14,3,6,7,6,-31
2003-11-20,25,7,3,9,9,-33
2003-11-20,11,16,4,2,6,-18
2003-11-21,24,5,4,9,6,-12
2003-11-22,12,14,3,5,16,2
2003-12-02,28,11,6,11,15,-6
2003-12-09,27,3,4,11,6,-19
2003-12-09,7,0,0,2,0,0
2003-12-09,100,27,11,20,30,-128
2003-12-11,17,7,6,6,8,-43
2004-01-03,26,4,3,12,15,-15
2004-01-03,58,4,6,16,14,-48
2004-01-03,26,4,3,12,15,-15
2004-01-03,43,6,6,10,4,-2
2004-01-04,31,8,6,12,11,2
2004-01-04,30,2,5,11,2,-37
2004-01-07,12,4,4,5,9,-24
2004-01-13,26,10,6,9,10,-32
2004-01-26,16,6,6,9,8,-48
2004-01-28,8,0,0,3,0,0
2004-01-28,115,34,13,20,49,-160
2004-01-28,26,15,5,13,7,-17
2004-02-04,11,7,4,4,8,-4
2004-02-11,22,7,5,9,4,-24
2004-02-19,23,6,6,6,11,-32
2004-02-20,19,8,7,12,8,-19
2004-02-20,0,0,0,0,0,0
2004-02-23,15,2,3,7,5,-11
2004-02-24,22,9,4,12,14,-7
2004-02-25,1,2,0,0,0,1
2004-02-25,29,11,5,10,8,-12
2004-02-25,21,4,3,6,3,-19
2004-02-25,21,4,3,6,3,-19
2004-02-25,21,4,3,6,3,-19
2004-02-26,25,2,5,11,3,-12
2004-02-26,23,11,4,10,7,10
2004-02-26,23,11,4,10,7,10
2004-02-27,16,4,3,5,3,-5
2004-02-27,14,17,5,6,9,-15
2004-03-01,14,1,1,9,0,9
2004-03-02,35,8,2,12,11,-33
2004-03-02,21,10,2,10,8,-104
2004-03-11,19,5,7,10,2,-19
2004-03-12,17,4,6,10,2,-13
2004-03-16,23,4,1,11,7,-15
2004-03-16,7,0,0,2,0,-4
2004-03-16,78,17,9,17,20,-122
2004-03-17,15,4,4,7,7,-13
2004-03-25,8,3,1,5,5,13
2004-03-25,31,1,4,12,12,-23
2004-03-26,17,3,5,8,7,9
2004-03-26,10,0,2,4,0,-11
2004-03-27,14,1,4,5,3,7
2004-03-30,22,8,4,10,9,-37
2004-04-01,1,1,2,0,0,1
2004-04-01,38,3,5,14,9,-44
2004-04-08,25,1,7,9,5,-25
2004-04-15,36,6,3,8,5,-14
2004-04-16,6,9,3,2,4,-7
2004-04-16,14,7,3,8,10,11
2004-04-20,33,7,7,11,10,-27
2004-04-21,12,2,2,6,4,1
2004-04-22,22,6,5,7,4,-15
2004-04-22,38,5,6,12,4,-21
2004-04-23,38,5,6,12,4,-21
2004-04-23,16,5,6,11,2,-17
2004-04-26,17,7,6,7,11,-19
2004-04-26,3,2,3,2,3,4
2004-04-27,17,1,4,7,4,-19
2004-04-27,19,13,4,5,16,-32
2004-04-28,14,3,2,8,5,-2
2004-05-04,91,21,10,18,26,-127
2004-05-04,8,0,0,3,0,2
2004-05-04,29,5,4,10,6,-12
2004-05-05,17,2,4,7,6,0
2004-05-06,9,8,2,4,8,1
2004-05-06,31,6,5,12,5,-40
2004-05-06,21,11,4,7,11,-12
2004-05-13,13,14,3,5,20,3
2004-05-13,9,2,3,6,6,0
2004-05-17,16,9,3,4,7,-14
2004-05-17,31,10,4,9,11,-43
2004-05-19,15,9,5,6,10,-22
2004-05-20,5,13,2,1,4,-7
2004-05-20,40,3,5,13,6,-14
2004-05-20,2,0,2,1,1,8
2004-05-21,20,9,5,8,8,-26
2004-05-22,11,6,4,5,5,-8
2004-06-03,13,24,3,4,14,-30
2004-06-03,15,8,3,7,7,12
2004-06-04,28,2,5,11,7,-23
2004-06-08,17,4,3,6,3,-6
2004-06-10,9,10,3,5,6,-3
2004-06-15,11,2,3,3,1,6
2004-06-15,20,0,3,7,4,11
2004-06-22,20,11,3,4,8,-18
2004-06-22,12,14,4,5,9,-10
2004-06-24,23,6,7,11,19,-23
2004-06-30,98,27,12,19,41,-136
2004-06-30,24,5,3,9,6,-16
2004-06-30,5,0,1,2,1,3
2004-07-07,20,3,2,7,8,-12
2004-07-15,18,12,4,9,16,-14
2004-07-16,14,7,6,3,6,-14
2004-07-21,27,3,5,10,14,-30
2004-08-10,31,6,1,11,6,-9
2004-08-10,89,13,9,19,28,-137
2004-08-10,6,0,1,2,1,3
2004-08-12,11,6,5,3,4,-5
2004-08-12,15,3,2,6,4,-18
2004-08-27,18,4,2,8,5,-6
2004-09-08,12,7,2,4,3,-8
2004-09-08,25,5,4,11,7,-22
2004-09-10,2,0,1,1,4,11
2004-09-16,18,2,5,8,4,-10
2004-09-21,91,18,11,20,25,-116
2004-09-21,26,5,2,8,9,-12
2004-09-21,4,0,1,1,1,5
2004-09-28,14,1,4,4,6,-3
2004-09-30,25,4,5,11,9,-5
2004-10-04,16,7,3,7,10,-17
2004-10-05,20,10,6,6,10,-1
2004-10-06,34,5,6,14,5,-21
2004-10-07,24,8,5,12,10,-52
2004-10-07,40,5,6,12,11,-1
2004-10-07,8,2,1,5,2,-13
2004-10-08,29,7,5,11,10,-1
2004-10-08,27,2,4,11,7,-8
2004-10-14,32,7,7,10,16,-37
2004-10-15,36,1,5,10,9,-48
2004-10-15,24,2,3,7,4,-31
2004-10-19,23,3,2,7,4,-20
2004-10-21,13,8,4,6,6,4
2004-10-21,55,4,8,17,11,-26
2004-10-23,23,5,6,12,6,-5
2004-10-26,25,1,5,11,2,-20
2004-10-29,26,1,2,10,10,-21
2004-11-05,15,14,4,3,19,-18
2004-11-10,4,0,1,1,1,4
2004-11-10,91,16,9,21,31,-111
2004-11-10,27,2,2,10,11,-2
2004-11-15,20,1,5,8,4,2
2004-11-17,16,31,4,5,15,-33
2004-11-18,22,3,4,7,8,-13
2004-11-19,18,3,3,7,3,-16
2004-12-02,39,3,5,11,16,-25
2004-12-07,20,8,5,5,12,-7
2004-12-14,97,16,11,19,30,-132
2004-12-14,4,0,1,1,1,4
2004-12-14,23,4,1,8,7,-9
2005-01-06,33,7,7,13,10,-53
2005-01-07,11,10,5,4,9,6
2005-01-07,28,2,3,11,5,-53
2005-01-09,25,3,5,9,13,-3
2005-01-12,23,3,3,12,3,-44
2005-01-12,23,3,3,12,3,-44
2005-01-18,20,3,2,10,12,-27
2005-01-19,36,8,6,14,5,-18
2005-01-19,36,8,6,14,5,-18
2005-02-02,24,13,3,9,13,-8
2005-02-02,4,0,1,1,1,4
2005-02-02,110,33,11,21,33,-130
2005-02-04,23,3,5,13,6,-2
2005-02-06,23,10,7,9,8,-18
2005-02-07,13,6,4,8,1,-5
2005-02-11,19,16,4,8,6,-22
2005-02-16,26,6,5,11,9,-28
2005-02-28,12,5,3,5,2,-13
2005-03-02,22,7,3,8,12,-20
2005-03-02,21,2,3,10,10,-25
2005-03-03,17,4,3,7,5,5
2005-03-08,35,1,4,13,5,-20
2005-03-10,33,5,5,12,6,-39
2005-03-10,27,4,5,13,10,-20
2005-03-11,16,13,3,7,12,-25
2005-03-14,11,17,3,2,7,-21
2005-03-15,17,6,3,6,8,-18
2005-03-18,12,2,6,5,3,13
2005-03-22,88,17,10,20,30,-104
2005-03-22,3,0,1,0,1,4
2005-03-22,34,5,2,10,10,-8
2005-03-30,25,8,4,9,8,-5
2005-03-31,20,21,4,5,13,-30
2005-04-05,16,4,3,8,6,-18
2005-04-06,21,11,2,10,16,-17
2005-04-08,6,3,3,1,0,6
2005-04-14,36,1,5,13,5,-24
2005-04-14,26,4,5,12,10,-20
2005-04-18,23,4,3,11,9,-5
2005-04-20,12,12,4,6,11,4
2005-04-20,27,2,3,9,8,-20
2005-04-21,22,3,2,9,3,-11
2005-04-21,19,6,3,8,12,-15
2005-04-22,40,5,5,14,6,-38
2005-04-27,16,7,3,9,9,-4
2005-05-03,7,0,1,4,1,2
2005-05-03,28,3,3,10,8,-17
2005-05-03,93,15,9,22,35,-143
2005-05-05,36,9,4,14,16,-37
2005-05-11,19,7,3,7,7,-14
2005-05-12,25,10,6,9,8,-16
2005-05-15,17,13,5,6,2,5
2005-05-16,20,5,3,7,9,-6
2005-05-17,28,6,4,6,7,-6
2005-05-17,29,17,3,11,17,-34
2005-05-19,21,8,3,7,13,-6
2005-05-19,21,12,3,10,8,4
2005-05-19,22,2,4,6,8,10
2005-05-20,22,4,5,10,9,-28
2005-05-20,32,3,4,8,2,-9
2005-05-26,24,15,5,12,11,-15
2005-05-26,22,6,3,8,11,1
2005-05-27,33,5,4,10,6,-35
2005-06-03,18,1,2,9,3,10
2005-06-03,19,10,5,6,6,-12
2005-06-06,13,1,3,5,3,-8
2005-06-07,19,12,5,7,7,-23
2005-06-08,22,2,4,7,10,9
2005-06-09,10,25,4,2,25,-28
2005-06-09,19,2,4,6,6,-12
2005-06-14,21,12,6,7,10,-33
2005-06-15,31,6,5,9,4,-25
2005-06-21,10,25,6,2,26,-25
2005-06-23,15,14,4,5,9,-4
2005-06-23,8,1,1,3,3,-4
2005-06-30,111,23,10,22,36,-184
2005-06-30,32,6,3,12,11,-17
2005-06-30,3,0,1,0,1,3
2005-07-20,32,6,3,10,10,-32
2005-07-21,37,3,4,15,6,-13
2005-08-09,4,0,1,1,1,4
2005-08-09,87,18,10,18,21,-83
2005-08-09,25,4,2,7,7,-5
2005-08-26,23,2,1,7,10,-29
2005-08-27,20,10,6,7,11,-20
2005-08-27,13,1,2,6,3,-6
2005-09-08,10,19,1,4,11,-10
2005-09-16,16,3,4,6,0,-12
2005-09-20,31,4,4,9,7,-28
2005-09-20,91,19,9,20,22,-148
2005-09-20,7,0,1,2,1,-4
2005-09-22,14,16,3,3,20,-37
2005-09-24,6,1,3,3,1,0
2005-09-26,24,1,5,10,6,-16
2005-09-26,13,4,5,5,9,2
2005-09-27,20,5,4,7,8,-26
2005-09-28,4,3,3,2,4,5
2005-09-29,26,2,4,11,6,-12
2005-10-11,26,4,5,10,15,-29
2005-10-12,27,7,6,11,8,-36
2005-10-12,27,7,6,11,8,-36
2005-10-12,13,3,3,6,7,-24
2005-10-12,19,6,3,7,5,-19
2005-10-17,24,2,3,11,10,-41
2005-10-18,29,2,3,10,4,-33
2005-10-19,28,3,3,12,7,-20
2005-10-26,10,3,6,5,1,-14
2005-10-27,5,1,3,4,1,3
2005-11-01,84,19,10,22,26,-137
2005-11-01,3,0,1,0,1,0
2005-11-01,17,4,1,8,6,-36
2005-11-03,14,5,3,7,7,-27
2005-11-03,16,3,4,6,6,-10
2005-11-07,18,9,6,7,5,-14
2005-11-10,17,11,4,6,9,5
2005-11-14,20,5,3,7,9,-26
2005-11-15,5,12,1,2,8,-5
2005-11-15,38,2,4,9,6,-23
2005-11-15,10,2,2,3,5,21
2005-11-28,22,8,4,7,15,-17
2005-11-29,14,12,4,8,5,-10
2005-11-30,19,6,7,8,6,12
2005-12-02,27,6,4,10,7,-19
2005-12-02,18,5,3,7,11,-20
2005-12-05,9,5,5,4,4,17
2005-12-06,30,6,4,8,8,1
2005-12-13,23,3,1,10,8,-10
2005-12-13,82,8,8,19,15,-116
2005-12-13,4,0,1,2,0,2
2005-12-14,8,13,4,3,4,4
2006-01-18,13,5,4,7,1,4
2006-01-31,5,3,1,3,0,3
2006-01-31,29,11,2,10,12,-7
2006-01-31,82,18,8,16,28,-82
2006-02-02,19,9,4,7,6,-5
2006-02-06,1,7,1,1,0,17
2006-02-15,27,7,4,12,5,-12
2006-02-23,19,10,2,6,5,-4
2006-02-24,10,5,4,5,5,15
2006-02-24,35,11,4,9,5,-1
2006-03-01,9,35,5,2,28,-36
2006-03-03,34,9,4,12,5,-25
2006-03-08,18,7,4,7,6,0
2006-03-10,3,9,2,0,3,17
2006-03-13,8,16,4,5,10,-5
2006-03-16,36,11,4,9,9,-47
2006-03-20,32,6,5,13,10,-11
2006-03-28,6,3,2,3,0,4
2006-03-28,94,16,10,21,26,-119
2006-03-28,23,4,2,8,7,-9
2006-03-29,24,12,5,9,9,-12
2006-03-31,22,9,4,7,15,-16
2006-03-31,18,15,3,8,10,-14
2006-04-03,17,13,5,7,11,-34
2006-04-05,0,4,3,0,3,12
2006-04-06,19,13,3,7,13,-16
2006-04-10,31,12,3,14,14,-12
2006-04-10,15,9,4,4,3,-11
2006-04-13,22,4,2,11,1,-8
2006-04-13,33,4,6,13,6,-4
2006-04-17,29,7,4,11,8,-26
2006-04-20,9,7,4,5,3,8
2006-04-27,29,7,6,10,5,-14
2006-04-27,22,6,6,8,8,-4
2006-04-28,23,13,3,7,13,-18
2006-05-03,6,6,2,4,2,15
2006-05-04,24,9,5,10,14,-10
2006-05-10,5,3,1,4,1,4
2006-05-10,84,22,9,19,28,-127
2006-05-10,24,5,4,10,5,-15
2006-05-11,13,9,3,5,5,11
2006-05-16,8,14,3,3,5,0
2006-05-16,19,12,4,5,10,8
2006-05-16,20,10,4,9,12,-18
2006-05-16,19,13,4,5,11,-19
2006-05-18,29,8,6,8,14,-50
2006-05-18,14,11,3,6,12,-5
2006-05-23,15,11,7,6,11,23
2006-05-24,14,11,3,8,10,13
2006-05-25,7,6,4,4,5,21
2006-06-05,17,4,4,6,7,-3
2006-06-06,25,5,3,11,10,-24
2006-06-08,1,3,2,0,0,8
2006-06-09,15,6,3,8,4,16
2006-06-12,16,14,2,4,8,10
2006-06-12,13,8,4,5,8,-8
2006-06-12,22,14,3,7,14,-18
2006-06-13,15,15,4,7,10,-1
2006-06-13,13,6,6,6,2,16
2006-06-14,31,6,4,12,6,-26
2006-06-15,22,3,5,10,2,-3
2006-06-15,36,5,2,13,6,-33
2006-06-16,23,6,3,10,5,-10
2006-06-16,22,3,5,10,2,-3
2006-06-29,4,3,1,3,2,4
2006-06-29,99,16,8,21,32,-136
2006-06-29,24,3,2,10,8,-4
2006-07-04,20,11,6,6,11,6
2006-07-06,27,9,3,11,5,-16
2006-07-12,10,13,1,4,14,-27
2006-07-18,25,8,4,10,5,-10
2006-07-19,13,4,3,6,7,7
2006-07-19,21,5,2,10,5,-14
2006-08-08,23,4,2,12,7,-14
2006-08-08,3,3,1,2,2,1
2006-08-08,98,15,9,20,32,-149
2006-08-25,14,10,2,10,10,0
2006-08-31,19,9,4,5,2,-6
2006-09-01,2,3,1,1,0,9
2006-09-11,16,8,5,8,6,0
2006-09-14,19,11,5,7,14,-20
2006-09-20,19,15,3,7,11,-1
2006-09-20,90,16,10,19,25,-155
2006-09-20,4,3,1,3,2,1
2006-09-20,25,5,1,10,4,-13
2006-09-26,19,10,4,7,10,0
2006-09-27,29,6,6,14,4,18
2006-10-04,17,5,4,8,6,-19
2006-10-04,33,4,4,13,8,-39
2006-10-11,21,13,5,3,8,-13
2006-10-12,6,9,4,4,8,-24
2006-10-16,15,20,6,8,14,-13
2006-10-17,18,10,5,6,16,-12
2006-10-25,112,26,11,22,42,-145
2006-10-25,4,3,1,2,2,0
2006-10-25,23,5,4,10,9,-25
2006-11-01,19,6,3,10,3,8
2006-11-02,23,4,3,10,6,-11
2006-11-03,4,12,2,2,5,4
2006-11-10,13,7,1,3,4,-9
2006-11-16,23,7,4,10,7,-7
2006-11-21,23,13,4,7,10,-17
2006-11-28,30,9,3,12,8,-11
2006-11-30,18,10,3,6,7,-2
2006-12-01,36,5,7,8,3,-33
2006-12-01,0,3,0,0,0,3
2006-12-12,4,3,1,2,2,0
2006-12-12,26,3,3,10,7,-24
2006-12-12,89,17,9,20,19,-131
2006-12-15,21,6,4,9,8,11
2007-01-05,21,16,4,9,11,-19
2007-01-08,22,4,5,6,3,-10
2007-01-11,17,5,3,6,5,-21
2007-01-17,31,7,4,11,9,-47
2007-01-18,13,7,2,6,4,-19
2007-01-18,15,9,4,7,11,-24
2007-01-31,26,13,5,9,13,-20
2007-01-31,110,29,11,20,40,-168
2007-01-31,8,3,1,4,1,4
2007-02-06,22,5,2,12,7,6
2007-02-14,28,6,2,11,5,1
2007-02-21,22,10,6,11,15,-43
2007-02-26,20,11,4,5,9,-1
2007-02-28,16,8,2,7,4,-19
2007-02-28,11,6,2,3,0,-4
2007-03-02,24,6,4,12,8,-9
2007-03-05,0,0,0,0,0,0
2007-03-05,13,3,2,9,2,3
2007-03-06,28,11,4,8,11,-12
2007-03-09,18,6,5,8,1,-19
2007-03-09,12,3,2,7,3,7
2007-03-12,32,6,5,8,3,-7
2007-03-21,27,5,2,9,5,-16
2007-03-21,111,31,10,22,32,-186
2007-03-21,4,3,1,2,1,0
2007-03-22,19,15,3,6,11,-35
2007-03-22,19,9,6,7,8,-1
2007-03-22,30,7,5,9,6,-21
2007-03-23,36,5,3,13,6,-13
2007-03-27,24,16,5,9,21,-35
2007-03-28,21,4,2,10,3,-17
2007-03-30,17,15,6,7,14,-18
2007-04-10,15,8,3,7,5,-42
2007-04-11,27,15,4,12,20,-45
2007-04-20,25,4,4,11,3,-23
2007-04-25,15,14,5,5,19,-29
2007-04-25,3,4,3,1,3,13
2007-04-26,12,12,9,4,16,-22
2007-05-01,15,6,5,10,9,-2
2007-05-09,28,3,3,13,4,-23
2007-05-09,95,15,10,19,25,-119
2007-05-09,4,3,1,2,1,-1
2007-05-10,10,11,5,3,5,3
2007-05-15,24,9,5,10,3,5
2007-05-15,16,12,7,6,12,-26
2007-05-16,23,7,3,10,4,-9
2007-05-16,24,9,4,8,13,-26
2007-05-17,20,11,6,11,11,-39
2007-05-21,24,17,7,10,16,-27
2007-05-22,5,6,3,3,0,17
2007-05-23,21,9,4,5,9,-7
2007-05-24,32,4,5,13,6,-23
2007-06-01,23,7,2,9,8,-29
2007-06-05,30,12,4,12,7,-20
2007-06-05,18,8,3,10,11,-33
2007-06-07,32,8,6,9,16,-34
2007-06-13,18,21,5,6,20,-9
2007-06-14,7,10,4,4,10,-4
2007-06-15,26,8,4,12,13,-29
2007-06-19,8,19,3,3,17,-41
2007-06-23,12,12,9,4,16,-22
2007-06-28,4,4,1,2,1,2
2007-06-28,109,28,11,20,35,-168
2007-06-28,23,3,1,8,4,-27
2007-07-10,38,4,3,12,10,-5
2007-07-11,25,7,4,9,9,-28
2007-07-12,24,8,3,6,7,-7
2007-07-18,26,10,4,10,8,-19
2007-07-25,11,14,3,5,11,-24
2007-08-01,7,10,3,3,7,11
2007-08-02,1,5,3,0,3,5
2007-08-07,30,5,2,11,6,-31
2007-08-07,6,4,1,2,1,-1
2007-08-07,77,19,10,19,33,-142
2007-08-10,2,3,2,1,0,2
2007-08-16,3,3,0,1,1,-1
2007-08-31,36,10,3,13,22,-62
2007-09-06,20,6,6,8,6,-36
2007-09-10,26,4,5,11,5,-31
2007-09-11,22,4,4,11,7,-9
2007-09-18,3,3,1,1,1,-2
2007-09-18,30,6,4,11,11,-49
2007-09-18,30,6,4,11,11,-49
2007-09-18,104,31,12,22,47,-229
2007-09-18,30,6,4,11,11,-49
2007-09-20,28,13,4,9,13,-34
2007-09-21,25,6,3,9,10,-22
2007-09-21,22,10,3,8,4,-12
2007-09-24,23,5,5,13,2,12
2007-09-27,22,7,7,8,4,-10
2007-09-28,24,8,5,8,14,-36
2007-10-04,15,15,4,6,20,-30
2007-10-04,26,6,1,8,6,-26
2007-10-05,26,6,4,9,4,-33
2007-10-11,16,11,6,7,11,-17
2007-10-12,25,4,5,6,9,-7
2007-10-12,9,4,6,4,0,-4
2007-10-15,38,8,4,14,10,-58
2007-10-19,23,3,5,8,7,-4
2007-10-20,22,3,6,11,4,-11
2007-10-22,18,5,3,6,4,-9
2007-10-24,12,20,3,4,21,-19
2007-10-24,10,11,4,5,11,-19
2007-10-26,24,7,5,6,16,-63
2007-10-30,4,9,2,2,4,19
2007-10-31,91,21,10,18,35,-163
2007-10-31,5,3,1,3,0,-4
2007-10-31,28,4,3,11,9,-37
2007-11-05,22,9,6,8,6,-53
2007-11-05,14,9,4,6,9,-32
2007-11-06,8,6,3,4,3,13
2007-11-07,30,8,5,11,9,-25
2007-11-07,31,8,2,12,10,-19
2007-11-08,21,8,4,7,7,-36
2007-11-13,14,9,5,6,11,8
2007-11-14,27,11,6,7,11,7
2007-11-28,18,5,4,5,8,-32
2007-11-29,29,3,3,8,10,-16
2007-11-29,14,7,4,7,4,-1
2007-11-30,19,14,3,3,7,-16
2007-12-06,16,15,5,6,7,-47
2007-12-11,28,4,2,11,14,-44
2007-12-11,4,4,1,2,0,-2
2007-12-11,84,23,9,19,31,-175
2007-12-12,7,11,3,3,4,8
2008-01-04,21,3,5,9,2,3
2008-01-05,30,4,4,6,5,-12
2008-01-10,23,11,3,9,9,-63
2008-01-11,27,5,4,7,8,-29
2008-01-17,17,6,3,8,11,-40
2008-01-21,3,4,1,1,0,-3
2008-01-30,122,35,10,21,49,-227
2008-01-30,34,13,3,11,13,-55
2008-01-30,1,4,1,0,0,-1
2008-02-04,20,12,4,8,21,-44
2008-02-13,19,19,3,7,16,-17
2008-02-14,16,6,1,6,9,-25
2008-02-14,12,4,2,3,4,-20
2008-02-15,22,6,5,6,3,-26
2008-02-25,23,4,6,6,7,-5
2008-02-25,17,7,4,7,11,-23
2008-02-26,32,8,3,13,8,-48
2008-02-27,1,6,2,1,0,-4
2008-02-27,21,7,3,9,10,-37
2008-02-29,28,5,2,9,4,-32
2008-03-03,28,9,3,9,6,-4
2008-03-04,25,7,5,10,4,-44
2008-03-04,25,11,4,11,9,-44
2008-03-04,28,8,3,8,9,-59
2008-03-05,10,19,2,7,16,2
2008-03-07,28,7,4,12,6,-11
2008-03-07,25,5,3,10,7,-6
2008-03-10,0,3,1,0,1,3
2008-03-11,32,7,6,9,6,-20
2008-03-14,16,11,5,9,12,-36
2008-03-18,2,3,1,0,0,-5
2008-03-18,81,16,8,19,30,-176
2008-03-18,25,5,3,7,15,-50
2008-03-27,27,6,5,6,7,-21
2008-03-27,22,12,4,8,19,-49
2008-04-02,14,18,3,5,15,-12
2008-04-02,19,7,1,6,5,-30
2008-04-03,8,4,2,4,5,-20
2008-04-03,25,7,6,8,10,-14
2008-04-04,23,7,6,7,8,-25
2008-04-07,3,3,2,3,3,15
2008-04-09,1,3,4,0,5,10
2008-04-09,15,12,4,7,12,-31
2008-04-10,24,9,5,4,11,-29
2008-04-14,21,6,2,5,8,-28
2008-04-15,6,10,5,2,11,4
2008-04-16,19,6,3,11,6,-17
2008-04-17,12,12,6,5,18,-10
2008-04-17,36,11,5,9,12,-46
2008-04-21,17,11,3,5,12,-5
2008-04-24,12,18,2,7,17,-1
2008-04-30,31,13,3,10,19,-53
2008-04-30,111,34,11,23,47,-232
2008-04-30,3,3,1,1,0,-2
2008-05-05,16,9,6,9,8,-16
2008-05-07,15,8,3,4,9,-18
2008-05-13,28,8,3,10,5,-57
2008-05-13,28,8,3,10,5,-57
2008-05-14,20,7,6,5,12,1
2008-05-15,27,8,4,5,9,-19
2008-05-15,23,7,4,9,10,-58
2008-05-20,32,4,3,15,10,-56
2008-05-21,31,7,4,13,10,-30
2008-05-22,19,7,3,6,14,-6
2008-05-29,28,8,4,9,12,-54
2008-06-03,18,8,4,5,7,-17
2008-06-04,15,6,4,6,9,-12
2008-06-05,23,6,5,7,9,-25
2008-06-06,20,6,4,7,15,-15
2008-06-09,28,6,4,10,6,-21
2008-06-11,22,4,4,7,0,-19
2008-06-11,12,9,4,7,15,8
2008-06-12,3,3,3,3,0,4
2008-06-16,21,6,7,9,14,-10
2008-06-19,27,13,4,6,13,-30
2008-06-25,98,39,12,22,43,-206
2008-06-25,4,3,1,1,0,-3
2008-06-26,18,4,3,7,1,-16
2008-07-02,21,5,7,11,3,-35
2008-07-08,23,14,5,7,15,-42
2008-07-09,13,20,3,4,11,-17
2008-07-10,8,11,2,4,10,-9
2008-07-15,24,8,4,9,9,-42
2008-07-17,15,18,4,6,18,-20
2008-07-17,15,6,5,6,11,3
2008-07-28,7,3,1,5,0,0
2008-07-28,27,7,3,10,5,-7
2008-08-05,93,18,10,20,31,-174
2008-08-05,1,3,1,0,0,-3
2008-08-05,24,10,1,10,10,-37
2008-08-22,27,18,5,9,18,-37
2008-09-01,21,4,4,9,4,-12
2008-09-09,4,5,3,4,2,12
2008-09-11,13,7,1,4,9,-23
2008-09-16,74,21,9,19,27,-145
2008-09-16,18,6,1,9,9,-35
2008-09-16,2,3,1,1,0,-4
2008-09-23,12,9,3,4,10,-31
2008-09-24,25,7,3,9,12,-44
2008-10-07,3,4,1,1,1,-7
2008-10-07,20,10,3,7,14,-41
2008-10-14,5,4,3,2,0,-7
2008-10-15,18,8,3,6,12,-23
2008-10-15,18,3,3,9,10,-41
2008-10-20,21,8,3,6,8,-27
2008-10-20,21,9,4,11,7,-26
2008-10-23,5,3,1,1,3,-5
2008-10-29,2,4,1,1,1,-3
2008-10-29,100,25,9,19,44,-215
2008-10-29,26,14,4,9,18,-58
2008-10-31,22,11,5,8,6,-24
2008-11-06,23,11,5,8,9,-45
2008-11-12,29,8,5,11,7,-39
2008-11-18,8,5,2,5,4,-11
2008-11-19,40,5,7,10,8,-52
2008-11-20,19,7,4,11,10,-33
2008-11-20,4,11,1,0,6,5
2008-12-01,20,13,3,7,9,-40
2008-12-03,12,7,1,7,7,-7
2008-12-04,22,8,3,10,6,-8
2008-12-04,16,12,5,7,10,-37
2008-12-08,8,5,2,5,4,-6
2008-12-08,26,9,3,6,9,-42
2008-12-14,5,7,3,2,3,3
2008-12-16,1,3,1,0,1,-5
2008-12-16,112,31,11,21,54,-255
2008-12-16,33,8,3,12,13,-48
2009-01-13,28,10,4,9,15,-59
2009-01-13,8,7,3,3,4,-18
2009-01-28,7,4,2,3,0,1
2009-01-28,106,41,11,20,55,-264
2009-01-28,32,16,5,14,14,-69
2009-02-10,12,11,4,4,7,-11
2009-02-11,18,9,3,9,19,-57
2009-02-16,18,14,5,8,13,-54
2009-02-18,16,10,6,5,8,-24
2009-02-24,15,6,4,5,4,-29
2009-02-24,16,19,4,10,10,-10
2009-03-03,21,6,5,10,3,-27
2009-03-05,14,12,3,5,17,-44
2009-03-07,2,5,2,2,0,12
2009-03-10,15,15,4,6,14,-36
2009-03-11,14,18,6,3,25,-16
2009-03-18,106,40,10,22,43,-230
2009-03-18,3,5,2,1,0,-1
2009-03-18,25,10,3,9,8,-58
2009-03-18,24,19,3,5,11,-25
2009-03-19,16,10,5,5,28,-10
2009-03-19,28,20,3,10,16,-55
2009-03-20,14,11,5,6,11,-38
2009-03-20,10,17,1,3,17,-34
2009-03-24,15,16,5,3,8,-47
2009-03-25,19,11,4,7,8,-43
2009-03-30,15,5,3,8,7,-38
2009-04-03,17,10,3,10,11,-31
2009-04-03,20,8,4,7,10,-53
2009-04-06,25,13,4,4,2,-56
2009-04-14,18,7,7,7,16,-55
2009-04-17,17,10,7,10,17,-15
2009-04-18,23,11,3,7,16,-38
2009-04-20,28,11,4,13,11,-45
2009-04-29,8,8,3,5,14,-3
2009-04-29,112,27,10,21,48,-187
2009-04-29,28,8,4,8,10,-35
2009-04-29,6,5,2,3,1,0
2009-05-05,20,9,2,9,7,-16
2009-05-07,14,12,6,5,7,-5
2009-05-11,21,7,4,8,14,-29
2009-05-20,18,10,2,4,8,-18
2009-05-22,22,9,5,8,2,-11
2009-05-23,24,6,1,9,8,-16
2009-06-03,16,9,4,7,11,-17
2009-06-04,2,3,1,0,0,-1
2009-06-08,31,16,6,12,20,-61
2009-06-10,12,9,4,4,13,-16
2009-06-11,13,8,3,7,14,-13
2009-06-15,17,9,4,6,8,-24
2009-06-16,26,8,6,10,9,-35
2009-06-16,17,6,4,10,9,-38
2009-06-17,7,6,3,5,11,-4
2009-06-22,10,9,4,3,7,-1
2009-06-24,109,32,10,20,47,-206
2009-06-24,38,10,3,13,10,-41
2009-06-24,3,3,1,1,1,3
2009-06-25,14,10,4,3,6,-14
2009-06-26,0,7,3,0,2,11
2009-07-09,13,10,5,3,5,-16
2009-07-09,21,17,7,5,7,-26
2009-07-09,11,5,4,4,4,-22
2009-07-10,14,5,4,4,5,-21
2009-07-16,15,17,3,5,11,3
2009-07-21,14,6,3,6,5,-17
2009-07-23,19,22,4,6,19,-17
2009-07-24,19,22,4,6,19,-18
2009-08-04,21,15,3,5,19,-35
2009-08-12,101,26,10,21,42,-199
2009-08-12,30,7,3,10,9,-28
2009-08-12,3,3,1,1,1,4
2009-08-21,39,10,6,14,23,-91
2009-08-21,26,11,3,11,6,-81
2009-08-21,26,11,3,11,6,-81
2009-08-25,13,9,5,7,7,-15
2009-09-10,13,6,1,3,4,-12
2009-09-14,18,8,3,3,13,-38
2009-09-23,38,6,2,12,8,-24
2009-09-23,4,3,1,1,1,3
2009-09-23,111,29,12,20,51,-180
2009-09-25,27,8,4,11,5,-10
2009-09-25,3,7,1,1,3,6
2009-09-25,10,13,4,6,6,-20
2009-09-30,16,4,5,8,3,4
2009-09-30,16,16,6,4,10,0
2009-10-01,11,12,3,3,10,-6
2009-10-08,28,10,5,13,11,-50
2009-10-08,23,9,3,10,10,-28
2009-10-09,19,4,2,4,7,-20
2009-10-13,30,4,5,10,7,-11
2009-10-14,20,6,6,10,10,-51
2009-10-19,27,9,4,13,6,-36
2009-10-21,31,16,3,8,14,-48
2009-10-23,14,14,5,4,16,-31
2009-10-23,17,7,5,8,9,-25
2009-10-29,22,16,4,7,13,-36
2009-11-02,15,10,4,5,9,-23
2009-11-02,20,8,4,9,12,-62
2009-11-04,36,5,4,11,10,-24
2009-11-04,111,29,8,21,46,-179
2009-11-04,6,3,1,3,1,3
2009-11-09,24,15,5,7,13,-30
2009-11-10,23,12,3,8,13,-30
2009-11-16,40,12,5,11,15,-57
2009-11-16,23,11,4,10,17,-35
2009-11-30,19,8,4,9,11,-55
2009-12-03,8,5,4,4,6,7
2009-12-07,13,11,4,7,12,-15
2009-12-09,11,4,5,5,8,-3
2009-12-10,24,10,6,10,8,-38
2009-12-16,37,9,4,13,13,-36
2009-12-16,117,34,9,20,53,-178
2009-12-16,5,3,1,2,1,5
2010-01-03,28,8,4,8,13,-33
2010-01-03,35,8,7,13,13,-49
2010-01-04,24,6,2,11,9,-21
2010-01-27,21,8,3,9,9,-41
2010-01-27,34,16,2,10,13,-39
2010-01-27,6,5,1,2,2,2
2010-01-27,121,35,11,21,56,-202
2010-01-29,32,6,6,9,7,-25
2010-02-03,16,8,3,6,4,-23
2010-02-03,3,6,3,2,3,4
2010-02-10,16,7,5,7,11,-25
2010-02-12,27,18,4,8,17,-24
2010-02-18,18,7,6,6,8,-41
2010-02-24,15,13,5,8,11,-11
2010-02-25,17,8,5,7,9,-6
2010-02-26,17,17,3,9,13,-21
2010-02-26,25,6,6,11,15,-41
2010-03-16,6,4,1,2,2,-1
2010-03-16,92,31,8,20,45,-162
2010-03-16,29,13,2,9,7,-37
2010-03-17,5,17,4,3,3,7
2010-03-18,10,14,4,4,12,6
2010-03-18,27,12,3,9,12,-34
2010-03-20,17,9,6,4,10,-10
2010-03-24,34,12,2,7,15,-48
2010-03-24,23,12,5,6,17,-16
2010-03-25,6,6,2,3,7,-9
2010-03-26,24,7,3,6,4,-17
2010-03-26,16,16,4,6,5,-25
2010-03-31,26,8,6,12,5,-22
2010-04-07,17,12,8,6,12,-50
2010-04-08,6,3,3,3,4,20
2010-04-08,34,8,5,11,15,-12
2010-04-08,12,5,5,5,7,-16
2010-04-08,19,9,3,8,7,-18
2010-04-13,0,3,3,0,4,7
2010-04-13,31,10,4,7,13,-40
2010-04-14,13,7,2,7,8,-23
2010-04-19,20,6,5,9,9,-34
2010-04-20,4,9,4,1,4,-9
2010-04-21,3,3,3,1,0,1
2010-04-27,14,7,3,9,5,-23
2010-04-28,31,7,3,7,13,-32
2010-04-28,6,4,1,2,3,-2
2010-04-28,114,33,9,22,44,-178
2010-05-01,14,3,3,4,4,11
2010-05-06,14,10,2,5,4,-15
2010-05-08,18,5,5,11,6,10
2010-05-09,0,3,1,0,1,2
2010-05-11,13,5,6,5,5,-18
2010-05-13,39,8,4,13,13,-44
2010-05-20,25,8,2,6,3,-36
2010-05-25,15,10,5,6,12,-9
2010-05-26,18,10,3,4,14,-50
2010-05-30,11,5,3,3,4,-8
2010-06-03,6,3,2,5,3,-8
2010-06-08,25,8,7,9,15,-53
2010-06-09,16,4,1,6,4,-14
2010-06-09,6,3,1,2,3,11
2010-06-16,14,13,5,5,14,-17
2010-06-23,7,4,1,3,3,-3
2010-06-23,34,15,3,10,11,-29
2010-06-23,112,30,12,21,46,-188
2010-06-28,17,5,6,9,9,-15
2010-06-30,22,8,3,12,7,-41
2010-07-12,9,4,3,5,6,-13
2010-07-12,12,8,3,6,9,-17
2010-07-15,3,7,1,3,2,6
2010-07-20,23,18,3,5,14,-10
2010-07-20,20,8,3,8,8,-11
2010-07-21,22,14,1,11,5,-28
2010-08-02,23,11,3,10,13,-19
2010-08-10,27,10,4,8,8,-35
2010-08-10,4,4,1,0,4,-3
2010-08-10,96,20,12,20,41,-204
2010-08-27,40,11,6,12,15,-33
2010-09-01,17,16,2,4,11,-51
2010-09-01,11,7,5,5,6,-10
2010-09-02,33,21,8,10,19,-115
2010-09-17,31,16,2,14,20,-35
2010-09-21,5,4,1,1,4,-5
2010-09-21,26,9,4,10,11,-36
2010-09-21,89,19,9,19,39,-163
2010-09-24,13,7,2,4,13,5
2010-09-24,43,11,5,9,14,-38
2010-09-24,3,8,1,2,1,6
2010-09-30,2,4,1,1,1,3
2010-09-30,3,7,3,1,8,2
2010-10-04,20,10,5,10,19,-30
2010-10-11,32,15,7,12,17,-54
2010-10-15,31,9,6,12,18,-21
2010-10-19,0,3,1,0,1,10
2010-10-19,19,5,5,11,1,1
2010-10-25,6,4,2,2,0,-7
2010-11-03,112,38,11,21,51,-236
2010-11-03,6,4,2,2,2,-4
2010-11-03,31,12,3,8,12,-29
2010-11-08,14,8,3,4,6,-25
2010-11-12,19,22,7,10,13,-46
2010-11-12,30,14,2,10,12,-38
2010-11-18,20,26,4,8,14,-62
2010-11-19,11,5,2,4,4,-9
2010-11-19,27,7,3,9,12,-41
2010-12-01,23,35,4,8,18,-72
2010-12-01,14,6,4,6,8,-24
2010-12-02,23,10,4,12,11,-29
2010-12-14,5,4,2,2,2,-3
2010-12-14,87,16,10,18,27,-184
2010-12-14,32,9,5,10,14,-30
2011-01-07,24,8,3,8,11,-23
2011-01-07,21,8,2,9,8,-28
2011-01-08,30,5,5,11,12,-31
2011-01-26,33,12,4,10,15,-29
2011-01-26,3,4,2,1,2,0
2011-01-26,113,47,12,22,58,-260
2011-02-02,14,6,6,10,6,-4
2011-02-03,14,6,3,5,4,-12
2011-02-04,11,6,2,4,5,-32
2011-02-09,18,6,3,8,6,-14
2011-02-11,12,12,5,5,6,-60
2011-02-15,8,13,2,2,15,7
2011-02-17,5,11,3,0,12,9
2011-02-17,17,13,3,7,26,-17
2011-02-18,12,4,3,5,4,-26
2011-02-25,29,4,2,9,6,-10
2011-03-01,19,8,3,9,7,1
2011-03-02,20,9,5,8,6,-20
2011-03-04,17,6,2,7,5,-7
2011-03-04,9,6,2,1,9,-30
2011-03-15,103,23,10,20,36,-169
2011-03-15,33,8,3,12,7,-30
2011-03-15,4,4,2,2,1,2
2011-03-23,16,8,3,6,11,-8
2011-03-24,29,4,4,14,6,-18
2011-03-31,33,19,4,14,16,-41
2011-04-04,25,11,5,8,8,-6
2011-04-06,15,11,3,6,9,-17
2011-04-07,18,11,7,8,9,-23
2011-04-11,28,8,5,9,8,-37
2011-04-12,9,11,2,2,11,7
2011-04-14,15,7,3,8,5,-7
2011-04-14,17,16,3,5,20,-17
2011-04-14,4,9,2,1,7,5
2011-04-20,1,9,4,1,4,7
2011-04-27,32,7,3,12,16,-27
2011-04-27,115,21,11,20,49,-205
2011-04-27,2,4,2,1,1,2
2011-04-27,41,6,7,16,10,-35
2011-04-28,3,3,4,3,0,8
2011-04-29,9,7,5,6,3,-24
2011-05-05,18,15,6,6,16,-27
2011-05-06,20,7,4,8,16,-19
2011-05-10,4,6,2,2,5,3
2011-05-12,3,4,2,3,1,9
2011-05-12,8,6,1,3,5,3
2011-05-16,19,8,6,10,5,8
2011-05-24,11,5,6,5,2,-4
2011-06-01,29,6,5,11,11,-31
2011-06-01,6,8,2,2,4,-17
2011-06-03,26,13,5,8,13,-40
2011-06-07,25,6,3,9,8,-43
2011-06-09,26,9,4,11,12,-44
2011-06-14,18,6,3,4,8,-26
2011-06-15,12,12,4,3,7,-12
2011-06-15,9,10,2,2,12,7
2011-06-16,20,13,2,4,11,-14
2011-06-22,4,4,2,1,1,-5
2011-06-22,46,9,4,16,10,-40
2011-06-22,34,9,3,12,9,-40
2011-06-22,113,35,9,21,50,-245
2011-06-29,14,6,6,7,6,-35
2011-07-07,4,15,3,0,7,-8
2011-07-13,22,6,3,8,7,-23
2011-07-13,19,27,6,4,31,-42
2011-07-21,8,12,2,2,7,-1
2011-07-27,17,12,2,3,7,-11
2011-08-09,101,21,10,20,33,-209
2011-08-09,40,11,2,13,11,-52
2011-08-09,5,5,1,2,1,-7
2011-08-16,9,7,3,3,7,-14
2011-08-26,21,7,4,8,2,-39
2011-09-01,21,12,3,10,6,-26
2011-09-08,19,6,3,6,4,-32
2011-09-15,26,12,4,11,12,-27
2011-09-15,1,5,2,0,2,0
2011-09-21,3,5,1,1,1,-7
2011-09-21,33,12,3,8,9,-48
2011-09-21,112,33,12,20,52,-282
2011-09-26,20,6,3,12,8,-30
2011-09-28,11,10,4,5,5,11
2011-10-04,25,21,3,9,9,-55
2011-10-04,21,5,3,7,3,-29
2011-10-18,27,5,4,8,9,-10
2011-10-20,38,11,8,14,7,-52
2011-10-21,30,6,4,9,7,-37
2011-10-22,14,4,5,7,1,8
2011-11-02,31,6,5,11,14,-47
2011-11-02,35,9,3,10,10,-44
2011-11-02,130,35,9,23,49,-251
2011-11-02,4,5,1,2,1,-3
2011-11-04,25,19,3,10,15,-31
2011-11-09,5,3,3,4,2,1
2011-11-09,21,16,3,9,12,-25
2011-11-10,10,11,6,5,7,-6
2011-11-11,16,11,2,3,17,-13
2011-11-29,16,7,3,8,7,-26
2011-12-06,11,13,4,5,10,0
2011-12-13,5,5,1,2,1,-1
2011-12-13,34,12,1,12,10,-42
2011-12-13,113,25,11,22,50,-207
2011-12-13,6,8,2,2,8,-23
2011-12-16,8,5,2,2,6,-13
2012-01-06,24,14,6,11,13,-56
2012-01-06,19,13,7,8,10,-30
2012-01-07,7,31,4,5,13,-51
2012-01-13,20,16,5,8,15,-44
2012-01-16,17,7,6,10,7,-8
2012-01-18,10,11,2,2,13,2
2012-01-25,3,5,1,1,1,-4
2012-01-25,122,40,11,20,46,-235
2012-01-25,41,8,5,17,19,-35
2012-01-25,38,19,3,11,12,-50
2012-02-01,15,13,3,5,12,-21
2012-02-02,24,6,3,7,8,-23
2012-02-16,19,13,5,8,13,-6
2012-02-16,11,5,2,6,7,-16
2012-02-28,4,5,1,1,7,-25
2012-02-29,12,8,1,4,8,-19
2012-03-01,18,5,3,7,12,-18
2012-03-13,4,4,1,1,1,-2
2012-03-13,115,26,12,20,39,-163
2012-03-13,30,9,2,10,8,-21
2012-03-14,7,6,3,2,8,-4
2012-03-19,7,17,2,2,11,-25
2012-03-21,14,7,2,6,6,-21
2012-03-22,11,15,3,6,11,-4
2012-03-23,1,4,2,0,0,-3
2012-03-26,27,6,4,12,6,-51
2012-03-27,7,11,3,4,8,-3
2012-03-27,12,5,2,7,7,-16
2012-03-29,7,5,2,4,0,2
2012-04-09,11,10,3,6,12,-20
2012-04-10,19,9,3,9,8,-9
2012-04-11,20,7,4,10,12,-43
2012-04-11,46,8,3,13,14,-47
2012-04-13,22,11,4,6,11,-65
2012-04-25,36,11,2,11,14,-41
2012-04-25,117,29,11,21,40,-200
2012-04-25,5,4,1,2,1,0
2012-04-25,45,10,6,15,11,-42
2012-05-02,24,17,3,9,21,-53
2012-05-10,17,9,4,7,13,-20
2012-05-15,28,14,4,11,10,-45
2012-05-16,11,8,1,4,10,-14
2012-05-17,8,33,2,6,14,-39
2012-06-06,18,17,3,7,15,-24
2012-06-06,38,7,3,11,15,-50
2012-06-07,17,7,5,8,9,-25
2012-06-12,29,13,5,8,12,-35
2012-06-19,6,9,1,1,7,-15
2012-06-20,40,12,4,12,13,-45
2012-06-20,119,40,12,22,53,-269
2012-06-20,6,4,1,3,1,-6
2012-06-20,28,8,4,12,10,-33
2012-06-29,7,13,1,5,7,0
2012-07-17,21,7,1,7,5,-25
2012-07-20,9,9,3,4,6,-7
2012-07-23,15,13,4,5,16,-24
2012-07-24,3,3,3,3,2,17
2012-08-01,4,4,1,2,1,-5
2012-08-01,126,40,11,21,50,-260
2012-08-01,36,10,1,10,12,-36
2012-08-02,20,9,2,9,8,-31
2012-08-06,11,4,4,8,3,9
2012-08-07,4,4,4,2,2,13
2012-08-31,38,7,4,13,16,-41
2012-09-13,5,4,2,3,1,0
2012-09-13,35,5,5,14,16,-22
2012-09-13,128,38,11,21,49,-251
2012-09-13,38,11,2,12,15,-37
2012-10-01,14,9,5,7,11,-15
2012-10-05,16,11,5,6,5,-27
2012-10-10,41,39,5,13,27,-70
2012-10-11,27,9,4,10,9,-17
2012-10-11,8,5,1,4,1,-17
2012-10-14,13,6,2,5,4,-8
2012-10-24,5,4,2,3,1,0
2012-10-24,27,10,4,9,8,-28
2012-10-24,122,31,12,22,50,-222
2012-11-09,23,10,4,10,13,-32
2012-11-13,41,9,6,11,16,-29
2012-11-14,13,15,1,2,9,-10
2012-11-15,13,11,3,6,10,-37
2012-11-20,29,8,5,14,12,-50
2012-11-28,19,16,4,6,16,-34
2012-11-30,11,5,3,5,4,-5
2012-12-04,29,13,4,12,19,-19
2012-12-12,58,7,5,16,13,-38
2012-12-12,125,30,10,22,47,-232
2012-12-12,33,12,3,11,8,-52
2012-12-12,7,4,2,3,1,1
2012-12-17,11,7,2,3,2,-22
2013-01-04,27,17,5,11,24,-51
2013-01-30,40,18,6,11,18,-39
2013-01-30,116,33,11,21,44,-211
2013-01-30,7,4,2,3,1,1
2013-02-05,25,7,6,9,13,-15
2013-02-07,32,10,5,12,12,-36
2013-02-11,21,9,2,8,9,-33
2013-02-14,16,13,2,4,8,-13
2013-02-21,17,6,2,8,2,-29
2013-02-22,30,23,3,10,12,-29
2013-02-26,19,5,1,8,7,-17
2013-02-28,22,13,2,9,7,-29
2013-03-01,29,5,4,10,10,-35
2013-03-02,33,4,4,9,12,-37
2013-03-04,24,17,5,8,14,-25
2013-03-07,7,20,3,2,18,-31
2013-03-08,31,17,5,12,17,-36
2013-03-20,123,35,10,20,52,-245
2013-03-20,7,4,1,3,2,2
2013-03-20,38,13,3,11,15,-32
2013-03-20,39,9,6,11,12,-44
2013-03-22,14,12,4,5,9,-27
2013-03-25,19,8,2,8,2,-25
2013-04-04,2,3,2,1,0,10
2013-04-04,30,3,5,12,7,-11
2013-04-08,20,8,4,7,5,-16
2013-04-11,5,12,3,3,12,-7
2013-04-12,12,5,5,9,7,1
2013-04-16,10,3,2,3,5,-2
2013-04-16,8,10,2,3,16,-13
2013-04-17,17,11,4,8,12,-15
2013-04-18,26,8,5,9,5,-44
2013-04-19,32,14,4,12,17,-34
2013-05-01,7,4,1,3,2,3
2013-05-01,37,12,4,14,13,-29
2013-05-01,104,36,12,20,54,-215
2013-05-03,34,14,7,12,16,-45
2013-05-09,20,15,2,11,9,-24
2013-05-10,22,9,4,5,2,-33
2013-05-15,10,15,2,6,6,1
2013-05-16,21,11,3,11,10,-16
2013-05-18,16,4,4,7,1,11
2013-05-22,9,7,2,5,9,-22
2013-06-02,12,11,2,5,13,-10
2013-06-02,11,5,3,5,1,13
2013-06-06,20,10,5,8,12,-4
2013-06-19,6,4,2,3,2,1
2013-06-19,114,30,11,20,43,-191
2013-06-19,42,11,4,12,13,-28
2013-06-19,37,5,3,12,10,-34
2013-06-25,10,9,2,3,3,-9
2013-06-27,29,5,3,12,8,-23
2013-06-28,18,5,3,5,5,-8
2013-07-02,10,6,2,4,5,-9
2013-07-10,17,13,6,8,14,-10
2013-07-11,15,15,3,6,18,-6
2013-07-17,13,10,2,5,8,3
2013-07-17,31,12,4,7,17,-40
2013-07-31,5,4,1,3,2,1
2013-07-31,114,30,11,20,39,-172
2013-07-31,31,13,3,11,12,-20
2013-09-18,41,10,3,11,11,-26
2013-09-18,37,11,5,10,14,-29
2013-09-18,113,22,9,22,43,-190
2013-09-18,6,4,1,2,3,0
2013-09-20,45,19,6,12,23,-62
2013-09-26,26,5,4,8,3,-11
2013-10-02,5,6,3,2,2,4
2013-10-03,18,11,2,7,10,-10
2013-10-04,24,11,5,8,15,-32
2013-10-11,12,5,2,4,4,-5
2013-10-14,4,8,1,0,3,4
2013-10-18,13,7,6,4,5,-18
2013-10-18,20,23,3,5,16,-38
2013-10-30,8,4,1,4,3,0
2013-10-30,40,14,1,12,14,-29
2013-10-30,114,25,10,19,40,-201
2013-11-04,28,8,5,8,9,-23
2013-11-07,24,11,5,8,15,-34
2013-11-08,15,11,5,5,8,-37
2013-11-13,2,4,2,2,3,3
2013-11-14,5,5,2,2,7,2
2013-11-14,3,5,3,1,1,7
2013-11-19,38,5,4,16,14,-10
2013-11-21,14,12,6,4,14,-5
2013-11-22,27,17,3,7,21,-52
2013-12-16,4,5,4,1,5,-1
2013-12-16,3,6,2,1,3,-6
2013-12-18,120,29,11,20,36,-169
2013-12-18,36,13,2,11,11,-26
2013-12-18,34,7,5,14,20,-31
2013-12-18,8,4,2,4,4,-1
2014-01-03,35,7,5,13,20,-40
2014-01-03,38,11,7,11,12,-19
2014-01-15,8,17,2,3,16,-3
2014-01-29,6,4,1,3,4,1
2014-01-29,98,29,11,21,29,-130
2014-01-29,45,17,5,11,18,-26
2014-02-05,12,13,1,5,18,2
2014-02-06,27,18,2,9,22,-29
2014-02-11,8,5,2,2,9,3
2014-02-25,31,10,4,10,14,-42
2014-02-28,27,7,3,9,4,-22
2014-03-05,1,4,4,1,1,10
2014-03-13,7,8,2,4,1,-12
2014-03-19,9,4,1,3,5,-2
2014-03-19,38,4,5,12,8,-25
2014-03-19,99,19,11,20,35,-155
2014-03-19,38,10,2,10,11,-47
2014-03-21,35,9,4,11,10,-47
2014-03-24,2,4,1,1,0,9
2014-03-25,2,3,2,1,0,11
2014-03-27,28,22,5,10,17,-32
2014-03-31,13,5,5,7,5,-15
2014-04-08,13,14,2,5,18,-13
2014-04-09,27,7,6,13,6,-6
2014-04-15,8,3,2,5,4,-5
2014-04-16,24,4,4,9,9,-29
2014-04-30,26,10,2,7,12,-21
2014-04-30,112,40,10,21,44,-182
2014-04-30,8,4,1,4,4,0
2014-05-01,12,8,3,5,8,5
2014-05-06,29,7,6,10,6,-19
2014-05-07,16,5,4,7,7,-7
2014-05-08,23,16,6,12,16,-32
2014-05-15,1,3,2,0,2,10
2014-05-21,4,3,4,1,3,-13
2014-06-06,7,3,3,3,1,0
2014-06-09,35,25,5,11,23,-39
2014-06-11,6,8,2,3,6,4
2014-06-18,34,7,5,11,13,-31
2014-06-18,123,27,11,21,51,-221
2014-06-18,8,4,1,4,4,4
2014-06-18,38,10,3,12,15,-21
2014-06-25,23,7,4,8,2,-22
2014-07-02,32,7,4,8,10,-43
2014-07-10,27,8,4,12,22,-29
2014-07-15,5,19,2,2,9,-21
2014-07-15,12,4,3,6,3,3
2014-07-30,11,4,1,5,5,-1
2014-07-30,135,29,12,22,57,-215
2014-07-30,37,12,3,13,11,-22
2014-08-11,30,8,4,9,10,-46
2014-08-22,26,5,5,11,10,-37
2014-09-04,21,12,8,10,6,-15
2014-09-09,20,14,3,6,22,-22
2014-09-16,9,11,2,4,8,-4
2014-09-17,44,12,4,14,14,-37
2014-09-17,41,2,4,14,6,-24
2014-09-17,13,4,1,5,5,0
2014-09-17,102,18,11,20,41,-159
2014-09-18,4,3,2,0,1,-2
2014-09-23,2,6,4,1,2,4
2014-09-30,6,4,2,3,4,0
2014-10-11,30,10,6,12,8,-16
2014-10-17,21,4,4,11,3,-15
2014-10-20,3,6,1,2,2,-1
2014-10-20,29,24,4,11,9,-58
2014-10-29,38,15,3,13,14,-21
2014-10-29,9,5,1,4,2,-2
2014-10-29,121,36,11,22,41,-199
2014-10-30,7,4,2,4,3,0
2014-11-06,15,13,3,6,12,-24
2014-11-07,21,16,3,9,15,-18
2014-11-07,11,5,2,5,4,-17
2014-11-14,21,4,3,7,8,-4
2014-11-18,8,14,2,0,5,9
2014-11-20,34,15,6,9,20,-76
2014-11-21,9,18,3,4,16,-3
2014-12-02,4,7,4,2,2,0
2014-12-03,24,11,4,8,17,-42
2014-12-17,9,4,1,4,1,-2
2014-12-17,33,9,3,8,9,-17
2014-12-17,106,15,11,19,33,-175
2014-12-17,38,5,7,14,8,-18
2015-01-20,10,11,5,5,3,-19
2015-01-30,29,12,4,10,12,-39
2015-02-04,4,7,3,2,5,0
2015-02-09,19,9,5,5,14,-40
2015-02-10,11,13,4,5,13,-4
2015-02-18,27,12,4,7,15,-43
2015-02-24,13,5,4,6,3,-1
2015-02-27,16,4,1,7,2,-9
2015-03-03,17,11,2,8,10,-13
2015-03-19,18,18,2,8,14,-13
2015-03-23,28,10,4,12,8,-18
2015-03-27,34,8,6,15,16,-46
2015-03-27,15,10,5,6,11,-15
2015-03-30,21,9,4,7,14,-45
2015-04-02,16,5,3,9,3,-15
2015-04-02,7,4,1,3,1,9
2015-04-08,21,3,3,10,7,-19
2015-04-23,8,16,5,3,16,-2
2015-04-28,8,17,3,1,7,7
2015-04-30,22,10,3,8,12,-14
2015-05-04,1,5,1,1,4,-2
2015-05-06,13,8,1,4,8,-29
2015-05-14,14,9,4,8,9,3
2015-05-21,15,5,6,7,7,-2
2015-05-22,25,5,5,13,6,-8
2015-05-26,26,7,5,9,5,-14
2015-06-01,21,12,4,10,11,-37
2015-06-02,29,5,2,11,6,-25
2015-06-24,10,5,4,4,3,-6
2015-06-25,10,11,2,5,2,-5
2015-06-30,22,6,4,9,10,-10
2015-07-01,18,6,2,8,5,-21
2015-07-09,14,12,4,3,16,-21
2015-07-10,23,4,4,9,6,-20
2015-07-15,19,4,4,7,9,9
2015-08-03,14,7,3,5,5,-14
2015-08-29,19,5,4,9,6,-4
2015-09-24,48,5,5,14,13,-46
2015-09-28,41,13,5,13,11,-49
2015-09-29,7,12,2,1,5,8
2015-09-30,20,5,4,8,7,4
2015-09-30,4,6,3,3,3,2
2015-10-02,23,8,4,10,10,-15
2015-10-11,19,4,3,9,7,-4
2015-10-12,27,6,2,11,8,-24
2015-10-19,10,10,1,5,5,1
2015-10-20,4,5,1,3,2,5
2015-10-20,17,7,3,7,5,-4
2015-11-04,26,12,5,8,16,-25
2015-11-04,14,15,3,3,12,-16
2015-11-05,29,20,4,11,25,-37
2015-11-06,19,4,1,7,9,-25
2015-11-12,18,5,3,9,2,-16
2015-11-12,2,5,1,2,0,2
2015-11-17,26,15,4,8,13,-36
2015-11-17,17,10,2,5,10,6
2015-11-19,18,4,2,10,3,-3
2015-11-20,9,5,1,2,3,7
2015-12-01,28,5,2,10,15,-29
2015-12-02,28,3,5,12,6,-20
2015-12-02,6,8,1,2,6,-2
2015-12-03,18,9,2,7,7,-21
2015-12-03,17,5,3,9,1,-8
2016-01-03,32,6,3,10,12,-27
2016-02-01,17,3,3,8,5,-16
2016-02-10,12,9,4,2,8,-43
2016-02-10,20,4,3,10,8,-9
2016-02-23,19,5,3,10,4,-10
2016-02-26,21,4,2,6,6,-7
2016-02-26,24,6,3,10,6,-17
2016-03-07,28,7,1,12,5,-33
2016-03-07,20,6,2,11,5,-11
2016-03-29,38,5,6,10,8,-22
2016-04-14,17,12,4,9,8,14
2016-04-14,11,8,3,4,4,-4
2016-05-19,21,6,4,6,5,-10
2016-05-20,28,21,3,10,14,-17
2016-05-26,22,5,4,11,4,-19
2016-06-03,23,3,2,9,9,-24
2016-06-06,34,5,4,12,8,-12
2016-06-21,10,6,2,4,3,-11
2016-06-21,18,4,1,6,6,-5
2016-06-22,4,8,2,2,11,-20
2016-06-28,27,5,5,13,6,-18
2016-07-12,18,9,4,5,5,-24
2016-08-21,18,4,1,10,6,-18
2016-08-26,32,9,3,12,11,-28
2016-09-12,28,4,3,12,9,-20
2016-09-26,41,10,7,12,22,-60
2016-09-27,8,5,1,5,1,-3
2016-09-28,12,16,2,5,10,6
2016-09-28,12,13,4,3,15,-23
2016-09-29,5,4,2,3,4,15
2016-09-29,16,8,3,6,6,-7
2016-10-05,18,5,4,9,3,-13
2016-10-07,13,12,2,5,5,-1
2016-10-09,21,5,1,11,3,2
2016-10-14,31,3,3,10,9,-24
2016-10-17,16,4,3,6,4,-11
2016-10-21,28,15,4,13,14,-26
2016-10-24,10,4,1,3,2,-4
2016-11-04,9,4,1,4,2,-9
2016-11-11,24,4,3,15,5,-7
2016-11-15,22,5,3,11,4,-31
2016-11-17,28,9,4,11,7,0
2016-11-17,13,5,3,7,1,2
2016-11-18,24,4,3,10,5,-17
2016-11-21,11,3,1,6,4,-15
2016-11-29,22,6,5,10,4,-27
2016-11-30,25,3,5,7,4,-13
2016-12-02,15,12,4,8,9,-1
2016-12-02,38,17,6,11,21,-69
2016-12-19,9,2,2,4,2,14
2017-01-07,7,4,3,4,2,-19
2017-01-12,5,3,1,3,2,11
2017-01-12,5,3,1,3,2,11
2017-01-17,26,4,2,13,7,-7
2017-01-17,26,4,2,13,7,-7
2017-01-18,17,5,5,9,7,-15
2017-01-18,17,5,5,9,7,-15
2017-01-19,35,3,4,6,8,-26
2017-01-19,35,3,4,6,8,-26
2017-02-01,6,4,1,2,2,4
2017-02-01,34,19,4,11,13,-23
2017-02-11,14,3,3,6,5,1
2017-02-14,14,4,3,8,6,1
2017-02-22,32,6,5,11,9,-13
2017-03-01,29,6,1,12,8,-13
2017-03-03,29,7,6,8,10,-27
2017-03-03,13,13,3,7,7,7
2017-03-03,13,6,3,7,5,-1
2017-03-15,38,11,1,12,14,-27
2017-03-15,7,4,1,3,2,4
2017-03-15,35,9,5,14,11,-12
2017-03-23,5,4,6,3,2,3
2017-03-28,4,5,5,2,6,-17
2017-03-28,8,6,3,5,4,9
2017-04-04,39,24,8,13,27,-67
2017-04-05,4,3,1,2,3,5
2017-04-17,29,3,4,9,3,-12
2017-04-19,10,3,1,2,2,-1
2017-04-20,8,7,1,4,2,-14
2017-04-28,18,19,3,7,18,-19
2017-05-03,7,4,1,3,2,2
2017-05-03,35,11,2,10,8,-12
2017-05-05,17,7,4,9,7,-8
2017-05-05,25,5,2,8,1,1
2017-05-22,21,4,2,9,7,-32
2017-05-30,30,4,3,11,4,-6
2017-06-01,20,5,4,11,8,-7
2017-06-14,7,4,1,3,2,3
2017-06-14,33,8,5,10,16,-20
2017-06-14,34,11,1,9,9,-26
2017-06-20,14,7,0,7,9,-26
2017-06-22,16,8,3,5,9,-1
2017-06-23,21,8,4,6,8,-19
2017-06-26,10,6,3,2,1,4
2017-06-27,22,6,4,5,4,-10
2017-07-06,17,5,5,6,0,-2
2017-07-06,18,12,4,6,5,-31
2017-07-11,18,3,1,9,5,0
2017-07-12,16,4,2,7,6,6
2017-07-13,18,3,1,9,5,0
2017-07-26,35,10,2,10,9,-33
2017-07-26,6,4,1,2,2,4
2017-07-28,9,4,4,5,1,14
2017-07-31,22,3,4,12,1,-22
2017-08-25,25,16,4,10,11,-44
2017-08-30,9,5,1,2,8,-3
2017-09-05,33,2,4,14,7,-15
2017-09-20,6,4,1,3,2,0
2017-09-20,33,20,2,10,8,-35
2017-09-20,36,9,5,14,13,-46
2017-09-26,35,5,5,11,7,-20
2017-09-26,19,3,2,9,9,-4
2017-09-27,10,4,2,6,6,15
2017-09-28,14,10,4,6,10,-5
2017-10-04,1,5,1,0,5,6
2017-10-05,8,8,4,4,6,-6
2017-10-12,23,5,1,10,13,-28
2017-10-12,30,2,6,12,5,-24
2017-10-15,19,5,4,9,4,0
2017-10-18,9,5,3,6,8,23
2017-10-20,25,6,4,10,4,-19
2017-11-01,30,14,3,13,8,-34
2017-11-01,6,4,1,3,2,2
2017-11-02,15,9,6,7,4,2
2017-11-07,6,6,4,2,5,2
2017-11-15,3,3,2,2,1,15
2017-11-16,20,13,4,8,5,-16
2017-11-28,8,6,4,3,2,13
2017-11-29,11,5,1,7,4,0
2017-11-30,18,9,4,7,3,0
2017-12-13,6,4,1,2,2,2
2017-12-13,3,5,1,3,0,12
2017-12-13,33,9,6,16,9,-12
2017-12-13,39,12,2,12,8,-26
2018-01-19,13,12,2,4,11,14
2018-01-31,4,4,1,1,2,5
2018-01-31,42,17,6,12,12,-20
2018-02-13,7,4,5,2,0,14
2018-02-22,14,4,3,8,0,2
2018-02-26,3,5,5,1,3,20
2018-02-26,29,5,4,13,9,-21
2018-02-27,7,4,5,2,5,9
2018-03-05,15,12,3,3,10,10
2018-03-06,15,4,1,10,2,-12
2018-03-21,35,13,3,11,11,-17
2018-03-21,31,3,7,13,12,-34
2018-03-21,5,4,1,2,2,6
2018-03-26,10,12,4,6,10,15
2018-04-03,23,5,3,7,10,-32
2018-04-06,20,5,5,9,4,-8
2018-04-17,10,7,3,2,5,18
2018-04-17,17,11,2,4,7,-4
2018-04-19,19,8,3,5,10,-24
2018-05-02,32,13,2,9,9,-23
2018-05-02,6,4,2,3,2,4
2018-05-04,21,8,3,9,12,6
2018-05-08,8,3,3,3,0,-2
2018-05-15,15,14,3,6,9,-3
2018-05-16,28,12,3,7,17,-17
2018-05-18,14,8,3,5,8,8
2018-05-25,7,9,5,2,9,-8
2018-05-31,21,2,2,8,4,-14
2018-06-13,5,4,2,2,1,3
2018-06-13,34,9,6,14,9,-15
2018-06-13,31,10,3,10,10,-19
2018-06-20,14,4,3,9,1,-16
2018-06-27,17,11,4,9,10,-9
2018-07-17,15,4,5,6,2,7
2018-07-18,15,12,4,7,8,-7
2018-07-19,9,10,4,3,2,0
2018-08-01,35,12,3,9,14,-29
2018-08-01,3,4,2,0,1,4
2018-08-24,26,6,5,9,2,-24
2018-09-12,26,3,3,11,5,-24
2018-09-26,36,5,6,16,9,-31
2018-09-26,31,10,2,9,9,-25
2018-09-26,3,4,2,0,1,4
2018-09-27,2,3,2,0,0,10
2018-10-02,12,12,4,2,15,0
2018-10-02,29,2,5,11,3,-15
2018-10-03,10,5,2,4,6,-3
2018-10-04,14,4,3,7,2,-10
2018-10-15,8,7,2,2,4,11
2018-10-17,20,8,2,7,3,-10
2018-10-18,26,5,3,10,8,-23
2018-10-25,16,4,3,7,2,-6
2018-11-08,3,4,2,0,1,3
2018-11-08,41,9,6,12,14,-19
2018-11-09,15,4,3,4,11,0
2018-11-13,20,12,3,7,10,1
2018-11-14,8,13,6,1,6,6
2018-11-16,9,6,2,3,5,5
2018-11-27,23,3,5,12,2,-2
2018-11-28,25,6,6,10,15,-44
2018-12-03,3,4,1,1,4,2
2018-12-03,3,4,2,1,2,11
2018-12-03,18,7,3,8,4,-14
2018-12-05,15,6,3,7,6,-9
2018-12-06,3,5,3,2,2,8
2018-12-07,26,7,4,8,8,-46
2018-12-19,34,9,5,10,9,-23
2018-12-19,2,4,2,0,1,4
2018-12-19,31,6,6,11,7,-8
2019-01-09,10,13,4,6,11,-4
2019-01-10,13,5,4,6,6,3
2019-01-30,45,17,6,10,14,-33
2019-01-30,1,4,2,1,1,4
2019-01-30,30,4,8,11,12,-27
2019-02-01,5,5,5,3,1,11
2019-02-06,5,5,4,1,1,16
2019-02-06,3,6,2,2,1,15
2019-02-10,11,10,5,6,5,14
2019-02-11,4,9,3,1,7,6
2019-02-12,6,6,3,4,2,3
2019-02-22,19,6,2,7,7,-10
2019-02-22,14,5,1,7,3,1
2019-02-23,3,5,2,3,0,7
2019-02-26,8,6,5,5,6,-1
2019-02-28,11,4,4,6,2,2
2019-02-28,18,4,4,9,2,-4
2019-03-07,26,6,2,11,7,-25
2019-03-08,26,6,4,10,7,-11
2019-03-11,2,7,1,1,1,3
2019-03-12,15,16,5,9,10,22
2019-03-20,1,4,1,1,1,0
2019-03-20,34,7,6,10,7,-30
2019-03-20,33,13,3,8,10,-21
2019-03-25,7,3,1,4,3,11
2019-03-28,8,11,4,3,3,-3
2019-03-28,13,5,1,5,6,-8
2019-03-28,12,2,2,5,4,-12
2019-03-29,36,8,3,11,13,-27
2019-04-02,8,9,4,4,6,24
2019-04-02,7,9,3,1,6,-4
2019-04-09,21,5,4,7,8,-4
2019-04-10,3,4,2,2,1,2
2019-04-11,11,11,3,4,4,-1
2019-04-11,9,4,3,5,1,1
2019-05-01,35,5,6,11,6,-31
2019-05-01,1,4,1,1,1,1
2019-05-01,37,11,3,11,11,-26
2019-05-03,25,6,4,7,6,0
2019-05-08,6,4,4,4,3,10
2019-05-09,6,3,1,3,2,-1
2019-05-10,24,5,4,9,6,-12
2019-05-13,9,3,1,4,2,3
2019-05-15,7,13,2,3,8,8
2019-05-16,23,7,2,7,10,-25
2019-05-17,5,4,1,2,1,7
2019-05-20,11,3,3,5,3,6
2019-05-20,22,6,5,6,9,-36
2019-05-30,24,6,5,9,6,3
2019-05-30,12,5,2,5,5,-18
2019-06-03,13,8,4,2,3,-2
2019-06-04,17,2,4,5,6,-14
2019-06-05,1,6,2,1,1,6
2019-06-05,1,6,1,0,3,-1
2019-06-19,29,8,7,10,9,-27
2019-06-19,3,4,1,2,1,1
2019-06-19,38,9,3,9,7,-23
2019-06-21,13,5,4,6,3,3
2019-06-25,11,3,4,3,3,3
2019-06-25,6,5,2,2,2,6
2019-07-01,21,6,3,8,9,-4
2019-07-09,11,5,2,4,3,-5
2019-07-09,11,5,2,4,3,-5
2019-07-09,19,9,4,7,8,-16
2019-07-10,13,5,4,5,4,-1
2019-07-11,9,4,2,3,0,1
2019-07-16,16,4,2,6,4,-16
2019-07-31,29,7,6,10,6,-20
2019-07-31,38,13,2,9,14,-36
2019-07-31,1,4,1,0,1,2
2019-08-05,8,8,4,5,8,16
2019-08-20,5,3,2,2,0,13
2019-08-23,21,5,5,7,6,-27
2019-09-04,6,3,2,5,1,4
2019-09-05,18,7,3,7,12,-2
2019-09-12,8,9,1,3,4,6
2019-09-18,30,4,5,11,10,-44
2019-09-18,42,11,5,14,17,-48
2019-09-18,1,4,1,0,1,1
2019-09-25,11,9,4,4,7,-34
2019-09-26,10,14,4,3,6,-5
2019-09-26,18,4,3,6,6,-2
2019-09-27,15,17,4,4,13,-12
2019-10-01,3,6,2,0,0,6
2019-10-01,17,7,4,10,4,0
2019-10-03,15,8,3,6,11,-7
2019-10-04,5,4,1,2,3,2
2019-10-04,9,3,4,6,3,3
2019-10-07,2,3,3,1,0,0
2019-10-08,26,4,5,10,9,-16
2019-10-09,9,3,4,6,3,6
2019-10-16,18,19,3,6,13,-13
2019-10-17,5,3,3,4,1,8
2019-10-18,6,4,2,2,1,4
2019-10-21,4,3,2,2,2,12
2019-10-21,4,3,2,2,2,12
2019-10-30,47,14,5,13,18,-37
2019-10-30,28,6,8,12,4,-23
2019-10-30,1,4,1,0,1,1
2019-11-01,27,6,3,10,3,-18
2019-11-01,13,3,2,5,4,-11
2019-11-08,10,5,2,4,1,-27
2019-11-12,30,6,2,12,8,-9
2019-11-13,8,6,3,3,6,-4
2019-11-14,7,7,2,4,2,-4
2019-11-14,7,7,2,4,2,-4
2019-11-14,18,4,3,6,5,-7
2019-11-20,2,10,2,2,2,10
2019-11-25,23,3,6,9,4,4
2019-11-26,25,7,1,9,12,-24
2019-12-04,8,11,3,2,4,1
2019-12-11,0,4,1,0,1,2
2019-12-11,29,12,2,7,8,-37
2019-12-11,31,7,6,11,8,-14
2019-12-18,12,11,3,6,7,-8
2020-01-08,19,11,4,7,11,8
2020-01-09,7,4,2,4,1,3
2020-01-16,8,6,3,2,2,-12
2020-01-17,16,18,4,5,14,-22
2020-01-29,0,4,1,0,1,2
2020-01-29,41,19,4,10,13,-31
2020-01-29,36,8,5,11,11,-14
2020-02-05,16,16,3,7,9,-3
2020-02-06,25,5,3,7,12,-12
2020-02-10,15,10,6,8,6,21
2020-02-11,9,3,5,3,3,0
2020-02-11,11,14,3,6,9,-5
2020-02-21,14,4,2,6,12,-15
2020-02-21,17,3,5,3,4,-5
2020-02-25,8,3,2,2,1,2
2020-02-27,11,6,1,4,5,25
2020-03-03,10,1,4,6,5,-13
2020-03-03,1,3,1,0,0,3
2020-03-15,27,7,6,12,9,-20
2020-03-15,1,4,1,0,2,0
2020-03-15,37,11,4,14,14,-75
2020-03-23,2,4,1,1,3,1
2020-03-31,0,4,1,0,0,2
2020-04-09,3,5,1,0,3,-2
2020-04-29,28,11,4,9,15,-72
2020-04-29,26,6,6,10,13,-46
2020-04-29,1,3,1,0,2,-2
2020-05-05,0,3,1,0,1,2
2020-05-12,9,6,2,3,5,-15
2020-05-13,9,4,2,3,5,-13
2020-05-13,12,4,2,7,3,-26
2020-05-19,6,3,1,3,4,-13
2020-05-21,1,3,3,1,1,0
2020-05-21,13,10,2,9,3,-10
2020-05-21,4,3,3,1,1,1
2020-06-10,1,3,1,0,1,1
2020-06-10,34,12,7,13,11,-34
2020-06-10,39,12,3,13,22,-52
2020-06-16,8,4,1,4,4,-6
2020-06-16,15,12,1,9,5,-6
2020-06-19,19,3,3,5,5,-12
2020-06-19,1,3,2,0,0,-6
2020-06-30,11,6,2,6,7,-1
2020-07-07,9,12,1,2,1,-3
2020-07-14,21,5,3,9,12,-31
2020-07-29,32,10,4,8,15,-49
2020-07-29,29,11,8,13,12,-50
2020-07-29,3,3,1,2,2,2
2020-08-06,7,7,3,5,9,21
2020-08-13,5,7,1,3,4,9
2020-08-19,4,8,4,2,1,11
2020-08-26,16,8,2,9,6,-10
2020-08-27,19,3,8,8,8,-6
2020-08-27,2,3,2,0,0,4
2020-08-31,17,5,5,7,12,-18
2020-09-01,22,8,2,10,6,-8
2020-09-08,0,7,1,0,3,8
2020-09-16,30,7,6,11,13,-29
2020-09-16,3,3,1,2,2,2
2020-09-16,31,10,8,10,15,-22
2020-09-17,2,3,1,2,3,-10
2020-09-21,13,12,2,4,4,10
2020-09-22,14,4,2,8,5,-1
2020-09-23,21,6,4,7,9,-28
2020-09-30,22,8,8,9,4,-8
2020-10-01,4,8,1,3,1,14
2020-10-01,3,5,2,3,9,-3
2020-10-06,12,4,5,7,4,-22
2020-10-14,15,9,1,5,7,-18
2020-10-14,10,4,3,7,4,-5
2020-10-15,9,13,2,2,2,-3
2020-10-15,21,7,2,10,4,-33
2020-10-19,11,6,2,7,6,-2
2020-10-20,15,6,4,4,10,-17
2020-10-20,7,10,1,3,3,-8
2020-10-21,15,6,5,8,12,-24
2020-11-05,25,4,8,11,12,-15
2020-11-05,29,10,2,7,17,-49
2020-11-05,3,3,1,2,2,-1
2020-11-10,12,9,1,3,3,-8
2020-11-10,5,6,2,3,4,3
2020-11-16,16,3,4,7,11,-7
2020-11-17,4,8,2,2,0,13
2020-11-19,22,7,4,8,8,-30
2020-12-01,13,4,1,7,7,-1
2020-12-01,3,5,1,2,2,-11
2020-12-04,12,5,3,4,3,14
2020-12-11,24,14,5,11,12,-3
2020-12-16,3,3,1,2,2,0
2020-12-16,28,11,4,11,15,-45
2020-12-16,34,10,9,12,10,-42
2020-12-17,2,6,1,1,1,6
2020-12-18,16,9,1,5,3,-23
2021-01-08,8,4,1,1,4,-1
2021-01-12,18,7,3,6,9,-18
2021-01-13,15,6,4,8,5,-13
2021-01-13,15,5,3,6,10,-21
2021-01-27,29,9,7,16,14,-29
2021-01-27,3,3,1,2,2,-2
2021-01-27,32,16,5,11,18,-36
2021-02-10,11,6,5,8,10,-17
2021-02-16,8,10,5,2,9,9
2021-02-18,19,7,6,5,7,-5
2021-02-22,2,3,2,0,2,8
2021-02-23,6,3,3,3,5,1
2021-02-24,15,10,4,6,2,-19
2021-02-24,6,4,1,1,3,-6
2021-02-25,23,7,3,8,4,-4
2021-03-01,23,12,3,7,8,-41
2021-03-02,20,4,1,8,6,-12
2021-03-17,35,5,5,12,13,-35
2021-03-17,25,10,5,10,12,-29
2021-03-17,3,3,1,2,2,0
2021-03-18,2,6,3,1,2,14
2021-03-22,15,4,3,4,6,-27
2021-03-22,14,13,4,5,3,-1
2021-03-23,19,6,3,4,7,-16
2021-03-23,22,3,1,10,2,-3
2021-03-23,3,5,1,2,6,-9
2021-03-25,8,4,2,4,4,-5
2021-03-29,10,4,7,3,7,-7
2021-03-30,15,7,3,4,6,8
2021-04-14,13,5,3,5,8,-16
2021-04-15,7,25,4,3,6,-28
2021-04-28,3,3,1,2,2,4
2021-04-28,28,10,4,9,12,-32
2021-04-28,26,6,6,9,11,-32
2021-05-03,2,4,6,1,2,-1
2021-05-05,16,4,2,7,2,-5
2021-05-11,20,3,1,9,6,-17
2021-05-12,11,4,2,8,5,-2
2021-05-13,12,3,4,5,3,-23
2021-05-17,19,11,1,6,5,3
2021-05-19,13,12,3,3,6,-7
2021-05-24,9,13,4,4,12,3
2021-05-26,12,7,4,6,8,-28
2021-05-26,9,11,1,5,6,-12
2021-05-26,9,11,1,5,6,-12
2021-06-01,17,6,3,8,9,-31
2021-06-03,16,9,5,5,9,0
2021-06-16,28,12,3,10,15,-14
2021-06-16,3,3,1,2,2,4
2021-06-16,26,2,4,12,10,-33
2021-06-22,8,4,3,4,6,1
2021-06-23,4,3,2,2,3,4
2021-06-28,28,13,4,11,4,-24
2021-07-11,11,5,2,5,6,10
2021-07-14,4,4,3,2,4,4
2021-07-28,28,11,3,9,16,-42
2021-07-28,3,3,1,2,2,5
2021-07-28,29,4,5,14,11,-24
2021-07-30,11,4,2,7,2,-1
2021-08-03,5,3,3,3,3,4
2021-08-04,18,3,3,7,4,-5
2021-08-05,10,9,2,4,7,-21
2021-08-17,3,4,4,1,0,2
2021-08-27,24,2,2,9,3,-16
2021-09-09,6,5,3,2,8,10
2021-09-22,31,10,2,10,15,-49
2021-09-22,31,8,7,14,14,-43
2021-09-22,4,3,1,3,2,4
2021-09-24,5,3,1,2,0,3
2021-09-27,23,4,2,9,2,-29
2021-09-28,10,10,3,4,0,4
2021-09-28,7,3,1,2,5,-11
2021-10-05,13,8,4,7,0,-4
2021-10-07,23,7,3,6,4,-20
2021-10-12,9,2,2,7,7,0
2021-10-13,21,3,2,8,10,-17
2021-10-13,6,7,2,5,3,-1
2021-10-18,14,7,3,6,8,-2
2021-10-19,7,4,3,4,5,-9
2021-10-19,23,4,7,9,3,-35
2021-10-20,20,4,1,6,11,-32
2021-10-22,8,8,3,5,8,-22
2021-11-03,31,11,4,11,11,-41
2021-11-03,3,3,1,2,3,4
2021-11-03,31,7,4,11,14,-49
2021-11-08,8,3,4,2,4,-2
2021-11-08,2,3,1,2,1,-15
2021-11-08,14,6,2,6,5,-20
2021-11-09,3,3,3,3,5,10
2021-11-17,15,14,4,7,9,3
2021-11-19,19,3,6,7,6,-12
2021-11-19,20,9,3,10,18,-22
2021-11-29,1,4,2,1,1,15
2021-11-29,3,3,3,2,0,12
2021-11-30,8,8,1,4,7,-18
2021-11-30,7,4,1,3,5,-7
2021-12-02,20,16,7,8,23,-15
2021-12-15,26,7,5,10,9,-30
2021-12-15,4,3,1,2,3,4
2021-12-15,35,9,1,11,15,-26
2021-12-17,32,4,9,10,4,-31
2022-01-11,4,5,5,2,7,7
2022-01-13,1,4,1,0,2,4
2022-01-26,39,15,5,13,17,-32
2022-01-26,32,3,8,13,14,-42
2022-01-26,4,3,1,2,2,4
2022-02-18,12,10,3,8,4,9
2022-02-18,1,3,0,0,0,2
2022-02-21,6,5,3,3,4,-5
2022-02-24,25,3,6,10,6,-19
2022-03-02,8,3,3,3,8,-2
2022-03-16,4,3,1,2,0,2
2022-03-16,33,8,6,10,11,-39
2022-03-18,3,3,2,2,0,5
2022-03-21,15,4,3,7,9,-23
2022-03-24,14,9,5,7,9,-16
2022-04-05,18,5,1,7,5,-13
2022-05-04,30,1,6,16,14,-34
2022-05-04,5,3,1,3,0,0
2022-05-04,30,6,3,10,7,-32
2022-05-06,14,4,4,5,2,-6
2022-05-24,1,3,3,1,1,13
2022-05-24,1,3,3,1,1,13
2022-05-25,7,7,5,4,6,3
2022-05-26,11,6,2,5,3,-8
2022-05-30,27,4,6,10,8,-18
2022-06-03,10,9,4,3,2,-12
2022-06-15,29,7,3,11,14,-43
2022-06-15,39,2,6,12,11,-34
2022-06-15,5,3,2,3,1,-1
2022-06-17,5,4,1,4,3,5
2022-06-18,13,3,3,6,8,-14
2022-06-22,15,4,3,7,7,0
2022-06-23,5,3,6,2,3,-3
2022-07-08,19,13,3,9,8,-26
2022-07-14,21,7,4,11,10,-16
2022-07-19,1,6,2,1,0,9
2022-07-27,38,4,7,13,14,-41
2022-07-27,29,13,3,10,12,-47
2022-07-27,4,3,2,2,1,1
2022-08-06,17,8,3,5,9,-30
2022-08-17,14,4,3,6,3,-31
2022-08-17,8,7,3,3,1,9
2022-08-26,9,4,4,3,8,-6
2022-08-29,3,4,2,3,6,12
2022-08-29,3,4,2,3,6,12
2022-09-07,10,12,4,4,9,-12
2022-09-07,17,3,2,9,6,-14
2022-09-09,21,3,4,10,10,-18
2022-09-21,28,7,3,11,16,-51
2022-09-21,26,1,8,12,10,-24
2022-09-21,4,3,2,2,1,1
2022-09-28,8,9,2,6,10,0
2022-09-28,1,6,1,1,0,2
2022-09-30,14,16,8,4,12,-8
2022-09-30,10,5,3,5,5,-12
2022-10-04,6,3,1,2,6,-5
2022-10-06,20,7,3,9,6,-11
2022-10-06,26,3,2,10,11,-27
2022-10-10,16,4,3,5,3,-20
2022-10-12,13,11,3,2,5,-6
2022-10-12,20,5,4,7,6,-14
2022-10-14,13,9,2,7,5,-2
2022-10-20,10,3,3,6,1,-13
2022-10-20,10,3,3,6,1,-13
2022-11-02,29,3,8,11,12,-34
2022-11-02,4,3,2,2,2,0
